Date,AAPL,GOOGL,JPM,MSFT,XOM
2019-01-02,37.469200134277344,52.270503997802734,80.83651733398438,94.1931381225586,49.66475296020508
2019-01-03,33.737003326416016,50.822837829589844,79.68769073486328,90.72795104980469,48.90220642089844
2019-01-04,35.17720413208008,53.42972946166992,82.62541961669922,94.94763946533203,50.70520782470703
2019-01-07,35.098907470703125,53.32316970825195,82.68283081054688,95.06874084472656,50.968894958496094
2019-01-08,35.76799774169922,53.79151916503906,82.52693176269531,95.75804901123047,51.3394889831543
2019-01-09,36.375396728515625,53.60715103149414,82.38742065429688,97.12733459472656,51.61027908325195
2019-01-10,36.49166488647461,53.46739196777344,82.37922668457031,96.5032730102539,51.346595764160156
2019-01-11,36.13339614868164,52.755699157714844,81.98534393310547,95.75804901123047,51.11143112182617
2019-01-14,35.590049743652344,52.1133918762207,82.83052825927734,95.05944061279297,51.047279357910156
2019-01-15,36.31846618652344,53.848018646240234,83.43778991699219,97.81666564941406,51.07579040527344
2019-01-16,36.76214599609375,53.99669647216797,84.11066436767578,98.16130828857422,51.05442810058594
2019-01-17,36.980438232421875,54.47298049926758,84.45532989501953,98.85063171386719,51.40361785888672
2019-01-18,37.20821762084961,54.87838363647461,85.82571411132812,100.33171844482422,52.01650619506836
2019-01-22,36.37303161621094,53.45747756958008,84.47174835205078,98.44076538085938,51.23257827758789
2019-01-23,36.520137786865234,53.74394226074219,84.25836944580078,99.40023040771484,50.81211471557617
2019-01-24,36.23066711425781,53.7236213684082,84.30762481689453,98.9251708984375,50.88337707519531
2019-01-25,37.431236267089844,54.59142303466797,84.84101104736328,99.82868957519531,51.11143112182617
2019-01-28,37.0848274230957,53.5184440612793,85.24308013916016,97.8818588256836,50.76934814453125
2019-01-29,36.70046615600586,53.03274917602539,85.48107147216797,95.8884506225586,50.961769104003906
2019-01-30,39.2083625793457,54.41697692871094,85.6780014038086,99.09280395507812,51.517635345458984
2019-01-31,39.490726470947266,55.79970932006836,84.9312515258789,97.2763900756836,52.223167419433594
2019-02-01,39.509700775146484,55.43939971923828,85.24308013916016,95.73941802978516,54.104576110839844
2019-02-04,40.63197326660156,56.56938552856445,85.54671478271484,98.4966812133789,53.32063674926758
2019-02-05,41.3271598815918,57.0872917175293,85.16924285888672,99.8752670288086,53.869388580322266
2019-02-06,41.341407775878906,55.65102767944336,85.12821197509766,98.76679229736328,53.63420867919922
2019-02-07,40.55842208862305,54.80949401855469,84.0121841430664,98.0588607788086,53.22087478637695
2019-02-08,40.6060791015625,54.634544372558594,83.17520141601562,98.43144989013672,53.307334899902344
2019-02-11,40.37255096435547,54.62165832519531,82.78129577636719,98.04021453857422,53.39381408691406
2019-02-12,40.720458984375,55.88347244262695,84.19271850585938,99.56788635253906,54.330543518066406
2019-02-13,40.551265716552734,55.935508728027344,84.59484100341797,99.49334716796875,54.94303512573242
2019-02-14,40.69900894165039,55.9637565612793,84.04502868652344,99.57719421386719,54.957435607910156
2019-02-15,40.60846710205078,55.48945999145508,86.61347961425781,100.80677032470703,55.99504089355469
2019-02-19,40.72998046875,55.830440521240234,86.30986785888672,100.76020050048828,56.369747161865234
2019-02-20,40.99210739135742,55.53704071044922,86.72836303710938,100.23634338378906,56.585906982421875
2019-02-21,40.76095962524414,54.72523880004883,86.5478286743164,102.35052490234375,56.074310302734375
2019-02-22,41.21609115600586,55.337310791015625,86.16214752197266,103.80984497070312,56.50664520263672
2019-02-25,41.516326904296875,55.37547302246094,87.06481170654297,104.38984680175781,56.56430435180664
2019-02-26,41.5401611328125,55.607421875,86.400146484375,105.11017608642578,56.679588317871094
2019-02-27,41.6688232421875,55.65102767944336,86.29344177246094,104.93241882324219,57.26324462890625
2019-02-28,41.258968353271484,55.83242416381836,85.636962890625,104.80146789550781,56.946197509765625
2019-03-01,41.692649841308594,56.92127227783203,85.69441986083984,105.26920318603516,57.6451301574707
2019-03-04,41.90235137939453,57.164119720458984,85.49747467041016,105.01661682128906,57.8685302734375
2019-03-05,41.82609176635742,57.9456901550293,85.43183135986328,104.49272918701172,57.78204345703125
2019-03-06,41.58542251586914,57.73505783081055,85.11180114746094,104.53954315185547,57.12632369995117
2019-03-07,41.10409927368164,57.036746978759766,84.4963607788086,103.26728820800781,57.76044464111328
2019-03-08,41.201786041259766,56.99312973022461,84.5291748046875,103.37955474853516,56.93177795410156
2019-03-11,42.62911605834961,58.444759368896484,85.62875366210938,105.54987335205078,57.486629486083984
2019-03-12,43.10806655883789,59.33635330200195,85.3743896484375,106.28886413574219,57.6451301574707
2019-03-13,43.29869842529297,59.426055908203125,85.66160583496094,107.11209869384766,58.15674591064453
2019-03-14,43.780025482177734,59.10242462158203,86.441162109375,107.1962661743164,57.96220016479492
2019-03-15,44.349517822265625,58.991912841796875,87.43406677246094,108.43109893798828,57.75322341918945
2019-03-18,44.80227279663086,58.90517807006836,87.95923614501953,109.98397827148438,58.4233512878418
2019-03-19,44.44721603393555,59.59455871582031,87.63923645019531,110.05883026123047,58.27205276489258
2019-03-20,44.83563232421875,60.78253173828125,85.76826477050781,109.9372329711914,58.596290588378906
2019-03-21,46.4869384765625,61.26326370239258,84.414306640625,112.4630126953125,58.934940338134766
2019-03-22,45.52427673339844,59.851776123046875,81.86225891113281,109.49757385253906,57.991004943847656
2019-03-25,44.97383117675781,59.34280014038086,81.18115234375,110.06820678710938,57.58750915527344
2019-03-26,44.50917053222656,58.9691162109375,81.99354553222656,110.30204772949219,58.336891174316406
2019-03-27,44.90950393676758,58.3828125,81.71455383300781,109.23561096191406,57.89013671875
2019-03-28,44.96907424926758,58.098323822021484,82.64180755615234,109.38530731201172,58.17836380004883
2019-03-29,45.26216125488281,58.32729721069336,83.06852722167969,110.33012390136719,58.22160339355469
2019-04-01,45.56953811645508,59.42210006713867,85.86673736572266,111.34043884277344,58.891719818115234
2019-04-02,46.23197937011719,59.74721145629883,86.27704620361328,111.49948120117188,58.63951873779297
2019-04-03,46.54890823364258,60.00839614868164,86.44937133789062,112.22916412353516,58.293643951416016
2019-04-04,46.629905700683594,60.43659210205078,87.28450012207031,111.65852355957031,59.1223030090332
2019-04-05,46.94205856323242,60.04011154174805,87.07776641845703,112.15430450439453,59.439353942871094
2019-04-08,47.68075180053711,59.88300704956055,87.35891723632812,112.19171142578125,59.80685043334961
2019-04-09,47.537776947021484,59.60595703125,86.71397399902344,111.58367156982422,59.03584289550781
2019-04-10,47.80465316772461,59.792301177978516,87.10260009765625,112.4349365234375,58.76920700073242
2019-04-11,47.40670394897461,59.94792938232422,87.83849334716797,112.56591033935547,59.05024337768555
2019-04-12,47.38765335083008,60.59915542602539,91.95633697509766,113.14591217041016,58.30805206298828
2019-04-15,47.47343444824219,60.78748321533203,90.90621185302734,113.23945617675781,58.11351013183594
2019-04-16,47.47821044921875,61.05411911010742,91.8653564453125,112.9775161743164,58.50979995727539
2019-04-17,48.40276336669922,61.462005615234375,94.51136016845703,113.91299438476562,58.6755485534668
2019-04-18,48.57669448852539,61.52791976928711,93.81676483154297,115.40975952148438,58.459388732910156
2019-04-22,48.736358642578125,62.13701248168945,93.93251037597656,115.77459716796875,59.734764099121094
2019-04-23,49.43928909301758,62.97111892700195,94.04830169677734,117.3462142944336,60.08064651489258
2019-04-24,49.36302947998047,62.448753356933594,93.89120483398438,116.9439468383789,58.913330078125
2019-04-25,48.91506576538086,62.8100471496582,93.94081115722656,120.81681823730469,59.244789123535156
2019-04-26,48.681541442871094,63.30961990356445,94.65191650390625,121.50909423828125,57.99821090698242
2019-04-29,48.755401611328125,64.24037170410156,96.01627349853516,121.39681243896484,57.6235237121582
2019-04-30,47.81657028198242,59.42110061645508,95.95838165283203,122.17327880859375,57.84689712524414
2019-05-01,50.16366958618164,58.15036392211914,95.22247314453125,119.6287612915039,56.686790466308594
2019-05-02,49.83721923828125,57.81285858154297,95.42916870117188,118.0665283203125,55.692420959472656
2019-05-03,50.45676803588867,58.954734802246094,96.01627349853516,120.58294677734375,55.82210922241211
2019-05-06,49.67757034301758,59.14851760864258,95.16458892822266,119.88133239746094,55.57711410522461
2019-05-07,48.33841323852539,58.42493438720703,93.61006164550781,117.4210433959961,55.28170394897461
2019-05-08,48.34794998168945,58.02448654174805,93.11392974853516,117.41168212890625,55.3681526184082
2019-05-09,47.828487396240234,57.88521957397461,93.03951263427734,117.40232849121094,55.31771469116211
2019-05-10,47.1658821105957,57.868865966796875,93.03125762939453,118.9271469116211,55.79874801635742
2019-05-13,44.42464065551758,56.33000946044922,90.50102233886719,115.39104461669922,55.17924499511719
2019-05-14,45.12789535522461,55.74866485595703,91.22039794921875,116.68201446533203,55.25212478637695
2019-05-15,45.668487548828125,58.02547836303711,90.87311553955078,118.32516479492188,55.6602668762207
2019-05-16,45.467567443847656,58.70445251464844,92.03900909423828,121.05745697021484,55.652992248535156
2019-05-17,45.20922088623047,57.92536163330078,91.59248352050781,120.24999237060547,55.32501220703125
2019-05-20,43.795528411865234,56.7299690246582,92.07209014892578,118.51295471191406,55.317726135253906
2019-05-21,44.635128021240234,57.214664459228516,92.38629913330078,119.15142059326172,55.57281494140625
2019-05-22,43.721378326416016,57.284542083740234,91.63383483886719,119.87442016601562,55.06991958618164
2019-05-23,42.97506332397461,56.76366424560547,89.83124542236328,118.47538757324219,53.7799186706543
2019-05-24,42.81002426147461,56.43012237548828,90.71600341796875,118.53170776367188,54.005836486816406
2019-05-28,42.63302230834961,56.47720718383789,89.73202514648438,118.45661163330078,52.91989517211914
2019-05-29,42.429683685302734,55.50483703613281,89.48399353027344,117.31111145019531,52.591922760009766
2019-05-30,42.649757385253906,55.57768249511719,88.52479553222656,118.0528793334961,52.45344543457031
2019-05-31,41.87713623046875,54.838741302490234,87.61524200439453,116.12804412841797,51.57884979248047
2019-06-03,41.45374298095703,51.48051834106445,88.02867889404297,112.52250671386719,52.38783645629883
2019-06-04,42.97029113769531,52.26108932495117,90.74080657958984,115.63981628417969,53.634132385253906
2019-06-05,43.66397476196289,51.77291488647461,91.06330108642578,118.1467514038086,53.189571380615234
2019-06-06,44.3050422668457,51.92754364013672,91.2617416381836,120.01526641845703,54.15888595581055
2019-06-07,45.48430252075195,52.9489860534668,90.26123046875,123.37663269042969,54.355674743652344
2019-06-10,46.06556701660156,53.662166595458984,91.23694610595703,124.50338745117188,54.596187591552734
2019-06-11,46.5989875793457,53.57691955566406,91.51808166503906,124.03390502929688,54.5451545715332
2019-06-12,46.450679779052734,53.480777740478516,90.35220336914062,123.46115112304688,53.954830169677734
2019-06-13,46.44111251831055,54.071041107177734,90.57544708251953,124.24052429199219,54.428558349609375
2019-06-14,46.103824615478516,53.83761215209961,90.8069839477539,124.36251831054688,54.188045501708984
2019-06-17,46.37891387939453,54.21377944946289,90.31085205078125,124.73812103271484,54.72737503051758
2019-06-18,47.46967315673828,54.77629089355469,91.54289245605469,126.9070816040039,55.20109558105469
2019-06-19,47.33094787597656,54.74010467529297,90.88140106201172,127.40472412109375,54.894989013671875
2019-06-20,47.71128463745117,55.1707878112793,91.1128921508789,128.58773803710938,55.83518600463867
2019-06-21,47.54863357543945,55.77394104003906,90.4927749633789,128.6065673828125,56.622314453125
2019-06-24,47.50077438354492,55.3442497253418,89.84779357910156,129.36708068847656,56.08298110961914
2019-06-25,46.78077697753906,53.90105056762695,89.10363006591797,125.28272247314453,55.58738327026367
2019-06-26,47.792606353759766,53.541236877441406,89.6989517211914,125.75218200683594,55.8278923034668
2019-06-27,47.77825164794922,53.358360290527344,89.99663543701172,125.95873260498047,55.25941467285156
2019-06-28,47.342899322509766,53.664154052734375,92.44416809082031,125.78035736083984,55.849754333496094
2019-07-01,48.211219787597656,54.51658630371094,93.99868774414062,127.3953628540039,55.79874801635742
2019-07-02,48.49345779418945,55.14105224609375,94.09793090820312,128.24037170410156,55.18651580810547
2019-07-03,48.89532470703125,55.65598678588867,93.94802856445312,129.066650390625,55.71128463745117
2019-07-05,48.852264404296875,56.13573455810547,94.50595092773438,128.69105529785156,55.4853515625
2019-07-08,47.84523391723633,55.34871292114258,93.98966979980469,128.59716796875,55.740447998046875
2019-07-09,48.13705062866211,55.72041320800781,94.38936614990234,128.12770080566406,55.704002380371094
2019-07-10,48.61307144165039,56.54411697387695,94.11455535888672,129.43283081054688,56.491127014160156
2019-07-11,48.25905227661133,56.70121765136719,95.013916015625,129.94921875,56.53485870361328
2019-07-12,48.62980651855469,56.76366424560547,96.01319122314453,130.41868591308594,56.578590393066406
2019-07-15,49.08668518066406,57.019893646240234,94.84738159179688,130.41868591308594,56.17772674560547
2019-07-16,48.91686248779297,57.166099548339844,95.8633041381836,128.70982360839844,55.33958435058594
2019-07-17,48.64177322387695,56.83305358886719,94.92231750488281,127.94929504394531,55.01162338256836
2019-07-18,49.194332122802734,56.85783386230469,95.48857879638672,128.09014892578125,54.5451545715332
2019-07-19,48.45997619628906,56.080223083496094,94.54757690429688,128.2779083251953,54.65450668334961
2019-07-22,49.56748580932617,56.45985412597656,95.15546417236328,129.9773712158203,54.7127799987793
2019-07-23,49.95500564575195,56.897972106933594,96.8958740234375,130.78485107421875,54.93145751953125
2019-07-24,49.914337158203125,56.485626220703125,97.28727722167969,132.12762451171875,54.92416000366211
2019-07-25,49.51964569091797,56.297794342041016,96.3545913696289,131.62994384765625,54.61077117919922
2019-07-26,49.691864013671875,61.71376419067383,96.779296875,132.709716796875,54.52330780029297
2019-07-29,50.15592956542969,61.5462532043457,96.47118377685547,132.4186248779297,54.90958023071289
2019-07-30,49.940635681152344,60.8603401184082,96.2546615600586,131.7801513671875,54.91686248779297
2019-07-31,50.95963668823242,60.37464141845703,96.59607696533203,127.94929504394531,54.19533157348633
2019-08-01,49.856910705566406,60.05646896362305,94.0479507446289,129.6300048828125,52.81056213378906
2019-08-02,48.80204391479492,59.290260314941406,94.03963470458984,128.540771484375,52.2931022644043
2019-08-05,46.24735641479492,57.23002624511719,91.2416763305664,124.13721466064453,51.22172546386719
2019-08-06,47.122840881347656,58.03934860229492,91.95781707763672,126.46578979492188,51.717323303222656
2019-08-07,47.610809326171875,58.27872848510742,89.95928192138672,127.01973724365234,51.382076263427734
2019-08-08,48.66089630126953,59.779422760009766,91.48314666748047,130.40931701660156,52.752254486083984
2019-08-09,48.259918212890625,58.922523498535156,91.38322448730469,129.30137634277344,51.62986755371094
2019-08-12,48.13746643066406,58.2088508605957,89.6678237915039,127.49858856201172,51.378997802734375
2019-08-13,50.17601776123047,59.310577392578125,91.05014038085938,130.1370391845703,52.013580322265625
2019-08-14,48.68252182006836,57.70086669921875,87.26956939697266,126.21802520751953,49.91798782348633
2019-08-15,48.44001388549805,57.952125549316406,87.6026611328125,125.9354248046875,49.62282943725586
2019-08-16,49.58293151855469,58.442283630371094,89.70112609863281,128.2434539794922,50.397613525390625
2019-08-19,50.507362365722656,59.494449615478516,90.50886535644531,130.3914337158203,51.24618148803711
2019-08-20,50.509761810302734,58.656375885009766,89.35970306396484,129.30795288085938,50.93626022338867
2019-08-21,51.057220458984375,59.05534362792969,89.6095199584961,130.7493438720703,51.445404052734375
2019-08-22,51.01400375366211,59.0523681640625,90.53385925292969,129.79791259765625,51.3347282409668
2019-08-23,48.65610885620117,57.17205047607422,88.2854995727539,125.66220092773438,49.7999153137207
2019-08-26,49.580528259277344,58.044307708740234,88.99331665039062,127.60283660888672,50.065555572509766
2019-08-27,49.021080017089844,58.02647018432617,88.05232238769531,127.87606048583984,49.578556060791016
2019-08-28,49.35002899169922,58.17168045043945,88.93502044677734,127.70647430419922,49.94010543823242
2019-08-29,50.18561553955078,59.187171936035156,90.95022583007812,130.11819458007812,50.493526458740234
2019-08-30,50.120784759521484,59.00330352783203,91.48314666748047,129.87326049804688,50.530426025390625
2019-09-03,49.39083480834961,57.96352767944336,90.40061950683594,128.15869140625,50.58944320678711
2019-09-04,50.22883605957031,58.59393310546875,91.4914779663086,129.65658569335938,51.12812042236328
2019-09-05,51.210880279541016,60.076786041259766,93.57328796386719,131.9364013671875,51.85123825073242
2019-09-06,51.206077575683594,59.78586959838867,93.77314758300781,131.04141235351562,52.33823776245117
2019-09-09,51.42457580566406,59.73382568359375,96.09648132324219,129.5529022216797,52.75144958496094
2019-09-10,52.03206253051758,59.75513458251953,97.32057189941406,128.19635009765625,53.179420471191406
2019-09-11,53.68643569946289,60.46385192871094,97.58702850341797,128.2340087890625,53.076133728027344
2019-09-12,53.56637191772461,61.205772399902344,98.18658447265625,129.5529022216797,53.11302185058594
2019-09-13,52.524288177490234,61.45655059814453,100.1185531616211,129.3645782470703,53.600040435791016
2019-09-16,52.8004264831543,61.040245056152344,99.22750091552734,128.43185424804688,54.404327392578125
2019-09-17,52.99251174926758,60.953514099121094,98.73619842529297,129.43048095703125,53.991111755371094
2019-09-18,53.48954391479492,61.090797424316406,99.72714233398438,130.49502563476562,53.73286437988281
2019-09-19,53.05494689941406,61.39311218261719,99.41069030761719,132.89730834960938,53.37128829956055
2019-09-20,52.279380798339844,60.95153045654297,99.010986328125,131.36167907714844,53.18681716918945
2019-09-23,52.517093658447266,61.19190216064453,98.99431610107422,131.0790557861328,53.22370147705078
2019-09-24,52.26737594604492,60.38108444213867,97.70362091064453,129.42105102539062,52.493194580078125
2019-09-25,53.071754455566406,61.74945831298828,98.26154327392578,131.28634643554688,52.64814376831055
2019-09-26,52.79801940917969,61.56855392456055,97.45380401611328,131.45590209960938,52.367767333984375
2019-09-27,52.54110336303711,60.75873947143555,98.02839660644531,129.75074768066406,52.74408721923828
2019-09-30,53.77767562866211,60.520347595214844,98.00341796875,130.97544860839844,52.10212326049805
2019-10-01,53.92654037475586,59.7700080871582,96.22135925292969,129.12901306152344,50.877220153808594
2019-10-02,52.57470703125,58.37834548950195,94.30609130859375,126.84917449951172,49.54903030395508
2019-10-03,53.021324157714844,58.94879150390625,94.17180633544922,128.38473510742188,50.16149139404297
2019-10-04,54.507606506347656,60.015830993652344,96.21154022216797,130.11819458007812,50.89198684692383
2019-10-07,54.51961135864258,59.88151168823242,96.00167083740234,129.1761016845703,50.19098663330078
2019-10-08,53.88092041015625,58.98347473144531,93.86121368408203,127.8100814819336,49.216983795166016
2019-10-09,54.512413024902344,59.59159469604492,94.54112243652344,130.23123168945312,49.76302719116211
2019-10-10,55.247154235839844,59.94198226928711,95.86737060546875,131.04141235351562,50.36071014404297
2019-10-11,56.71662521362305,60.25123977661133,97.48738861083984,131.58779907226562,50.899375915527344
2019-10-14,56.63499069213867,60.353336334228516,97.74761962890625,131.46536254882812,51.04695510864258
2019-10-15,56.5029411315918,61.566078186035156,100.69390869140625,133.3683319091797,51.22404098510742
2019-10-16,56.27482223510742,61.6037483215332,100.45887756347656,132.27552795410156,50.3459587097168
2019-10-17,56.49332809448242,62.089439392089844,101.02127075195312,131.59725952148438,50.279541015625
2019-10-18,56.764652252197266,61.67362594604492,101.1975326538086,129.44932556152344,49.88847351074219
2019-10-21,57.749107360839844,61.66718292236328,103.70735931396484,130.41018676757812,50.72227478027344
2019-10-22,57.61705780029297,61.514530181884766,104.74817657470703,128.4696044921875,50.98053741455078
2019-10-23,58.39021301269531,62.328819274902344,105.02517700195312,129.28912353515625,51.4675407409668
2019-10-24,58.48625946044922,62.402164459228516,104.94963836669922,131.83270263671875,50.98053741455078
2019-10-25,59.20658493041992,62.65938949584961,105.7890396118164,132.57699584960938,51.09859848022461
2019-10-28,59.799659729003906,63.88254165649414,106.19193267822266,135.83653259277344,50.64849090576172
2019-10-29,58.4166145324707,62.478981018066406,106.12480163574219,134.5552978515625,50.50090789794922
2019-10-30,58.40939712524414,62.48097229003906,105.5372085571289,136.23219299316406,49.96963119506836
2019-10-31,59.73002624511719,62.38679885864258,104.85731506347656,135.06402587890625,49.85894012451172
2019-11-01,61.42521667480469,63.05339813232422,107.27476501464844,135.3937225341797,51.35686111450195
2019-11-04,61.828590393066406,63.91376495361328,108.13093566894531,136.17564392089844,52.884281158447266
2019-11-05,61.73976135253906,64.00445556640625,108.3659896850586,136.09088134765625,53.932071685791016
2019-11-06,61.766170501708984,63.983158111572266,108.53384399414062,135.7140350341797,52.75144958496094
2019-11-07,62.479034423828125,64.77265167236328,109.12144470214844,135.90249633789062,53.8730583190918
2019-11-08,62.6500129699707,64.87474060058594,109.44039916992188,137.50399780273438,52.84994888305664
2019-11-11,63.14615249633789,64.34344482421875,109.05427551269531,137.6453094482422,52.52883529663086
2019-11-12,63.08832550048828,64.2904052734375,108.41634368896484,138.5496826171875,51.8044548034668
2019-11-13,63.692832946777344,64.23937225341797,107.84555053710938,138.77577209472656,51.378780364990234
2019-11-14,63.25209045410156,64.8821792602539,107.94627380371094,139.48226928710938,51.154747009277344
2019-11-15,64.00348663330078,66.09095764160156,108.72691345214844,141.2816619873047,51.67002868652344
2019-11-18,64.32621765136719,65.41197967529297,109.64186096191406,141.6302032470703,51.169673919677734
2019-11-19,64.13114166259766,65.05267333984375,109.6082763671875,141.6773223876953,50.64692306518555
2019-11-20,63.38455581665039,64.52088165283203,108.81087493896484,141.43157958984375,50.80375289916992
2019-11-21,63.100379943847656,64.4356460571289,109.06268310546875,141.29922485351562,52.02848434448242
2019-11-22,63.04497146606445,64.11498260498047,109.7845458984375,141.4031982421875,51.8044548034668
2019-11-25,64.15040588378906,64.70822143554688,110.37213134765625,142.95346069335938,51.460933685302734
2019-11-26,63.64949035644531,65.07298278808594,110.52320861816406,143.70968627929688,51.33397674560547
2019-11-27,64.50440979003906,65.02986145019531,110.85060119628906,143.98379516601562,51.30410385131836
2019-11-29,64.36233520507812,64.63140106201172,110.5987548828125,143.0952606201172,50.87845230102539
2019-12-02,63.61817169189453,63.87659454345703,110.35535430908203,141.36541748046875,51.09498977661133
2019-12-03,62.483856201171875,64.16801452636719,108.93677520751953,141.1385498046875,50.69173812866211
2019-12-04,63.035335540771484,65.36737060546875,111.08563232421875,141.64901733398438,51.26676559448242
2019-12-05,63.96015167236328,65.76484680175781,111.68997955322266,141.72457885742188,51.08754348754883
2019-12-06,65.19561767578125,66.38087463378906,113.35201263427734,143.4449920654297,51.90901184082031
2019-12-09,64.28286743164062,66.5593032836914,112.82317352294922,143.0763702392578,52.021026611328125
2019-12-10,64.65856170654297,66.55435943603516,112.89871215820312,142.8589324951172,51.57293701171875
2019-12-11,65.2100830078125,66.62175750732422,112.63008880615234,143.39772033691406,51.49827575683594
2019-12-12,65.37625122070312,66.83187866210938,115.85340881347656,144.85345458984375,52.52883529663086
2019-12-13,66.2649154663086,66.75159454345703,114.83771514892578,146.07284545898438,51.69989776611328
2019-12-16,67.39923095703125,67.43702697753906,115.28260803222656,147.01808166503906,52.274925231933594
2019-12-17,67.53166961669922,67.14907836914062,115.98768615722656,146.22409057617188,52.03595733642578
2019-12-18,67.37030792236328,67.00137329101562,115.87018585205078,145.92161560058594,52.1778450012207
2019-12-19,67.43775939941406,67.22588348388672,115.29098510742188,147.18826293945312,51.81938552856445
2019-12-20,67.29808044433594,66.96717834472656,115.19866180419922,148.79519653320312,52.230125427246094
2019-12-23,68.3962631225586,66.93795013427734,115.16509246826172,148.79519653320312,52.49150085449219
2019-12-24,68.4612808227539,66.63066101074219,115.48406219482422,148.7668914794922,52.28986358642578
2019-12-26,69.8196029663086,67.52474212646484,116.70955657958984,149.98631286621094,52.37199783325195
2019-12-27,69.79309844970703,67.13668823242188,116.79351806640625,150.26039123535156,52.19277572631836
2019-12-30,70.20735168457031,66.39673614501953,116.36539459228516,148.96536254882812,51.8865966796875
2019-12-31,70.72029113769531,66.38087463378906,117.01175689697266,149.06936645507812,52.110626220703125
2020-01-02,72.33386993408203,67.83251190185547,118.4302978515625,151.82955932617188,52.94703674316406
2020-01-03,71.63065338134766,67.4776611328125,116.86746978759766,149.93899536132812,52.52137756347656
2020-01-06,72.20140075683594,69.27620697021484,116.7745361328125,150.3266143798828,52.92463302612305
2020-01-07,71.86185455322266,69.14241027832031,114.789306640625,148.9559326171875,52.49150085449219
2020-01-08,73.017822265625,69.63452911376953,115.68477630615234,151.32858276367188,51.69989776611328
2020-01-09,74.56878662109375,70.36554718017578,116.1071548461914,153.21910095214844,52.09568786621094
2020-01-10,74.73736572265625,70.82001495361328,114.9498291015625,152.51016235351562,51.6326904296875
2020-01-13,76.33409118652344,71.36865997314453,115.90443420410156,154.343994140625,52.12556457519531
2020-01-14,75.3033447265625,70.90081024169922,117.25607299804688,153.2569122314453,51.6775016784668
2020-01-15,74.9805908203125,71.32752990722656,115.49895477294922,154.24948120117188,51.5953483581543
2020-01-16,75.91986846923828,71.87071990966797,115.9466781616211,157.07577514648438,51.39372634887695
2020-01-17,76.76036071777344,73.32581329345703,116.74922943115234,157.9549102783203,51.19955825805664
2020-01-21,76.24017333984375,73.46110534667969,115.60031127929688,157.38775634765625,50.46770477294922
2020-01-22,76.5123062133789,73.5413818359375,115.46514129638672,156.6315155029297,50.17646026611328
2020-01-23,76.88079071044922,73.58202362060547,115.34687805175781,157.59568786621094,49.86280822753906
2020-01-24,76.65921783447266,72.6641845703125,112.4830551147461,156.00770568847656,49.526756286621094
2020-01-27,74.40504455566406,70.95730590820312,111.53688049316406,153.39869689941406,48.34683609008789
2020-01-28,76.50989532470703,71.88756561279297,113.56436920166016,156.40472412109375,48.279640197753906
2020-01-29,78.1114273071289,72.19483184814453,113.3954086303711,158.84347534179688,47.87636947631836
2020-01-30,77.99825286865234,72.07341003417969,114.7977523803711,163.32406616210938,48.38417434692383
2020-01-31,74.5399169921875,71.00934600830078,111.81568145751953,160.91360473632812,46.390262603759766
2020-02-03,74.33518981933594,73.47844696044922,112.66888427734375,164.8365020751953,45.35223388671875
2020-02-04,76.78926086425781,71.63528442382812,114.29086303710938,170.2623291015625,44.7846794128418
2020-02-05,77.41541290283203,71.6670150756836,116.23388671875,170.0543670654297,46.84580612182617
2020-02-06,78.3209457397461,73.14986419677734,116.25079345703125,173.5802764892578,46.21103286743164
2020-02-07,77.25636291503906,73.30548095703125,115.87906646728516,173.82601928710938,45.90485382080078
2020-02-10,77.62329864501953,74.7699966430664,116.36058807373047,178.372802734375,45.42005157470703
2020-02-11,77.15499114990234,74.83938598632812,116.58026885986328,174.34593200683594,45.85182189941406
2020-02-12,78.98724365234375,75.26412963867188,116.58026885986328,174.60118103027344,46.412384033203125
2020-02-13,78.42475128173828,75.00442504882812,116.4788818359375,173.65591430664062,46.15483093261719
2020-02-14,78.4440689086914,75.2690658569336,116.12406921386719,175.2061004638672,45.94273376464844
2020-02-18,77.00772094726562,75.30426788330078,114.58655548095703,176.9832305908203,45.35944747924805
2020-02-19,78.12301635742188,75.57337188720703,116.1494140625,177.5139923095703,45.7078971862793
2020-02-20,77.3215560913086,75.18283081054688,116.1494140625,174.80319213867188,45.34429931640625
2020-02-21,75.57135009765625,73.52106475830078,114.73015594482422,169.2771759033203,44.79131317138672
2020-02-24,71.98167419433594,70.3690185546875,111.64671325683594,161.9787139892578,42.693023681640625
2020-02-25,69.54353332519531,68.70675659179688,106.66249084472656,159.30575561523438,41.05681228637695
2020-02-26,70.64675903320312,68.91242980957031,106.98351287841797,161.29623413085938,40.15538024902344
2020-02-27,66.02869415283203,65.16961669921875,102.531494140625,149.9314727783203,37.73895263671875
2020-02-28,65.99006652832031,66.37394714355469,98.0879135131836,153.56175231933594,38.96609115600586
2020-03-02,72.13379669189453,68.70675659179688,102.65821075439453,163.77963256835938,40.81440734863281
2020-03-03,69.84288024902344,66.29812622070312,98.80599212646484,155.93141174316406,38.860042572021484
2020-03-04,73.08246612548828,68.47283935546875,101.2474136352539,161.6564483642578,39.70845031738281
2020-03-05,70.71192932128906,65.16020965576172,96.28007507324219,157.59962463378906,37.958621978759766
2020-03-06,69.77286529541016,64.21757507324219,91.30430603027344,153.14474487304688,36.125450134277344
2020-03-09,64.25438690185547,60.25520324707031,78.93666076660156,142.76568603515625,31.70919418334961
2020-03-10,68.882080078125,63.19811248779297,85.06977081298828,152.52859497070312,32.883331298828125
2020-03-11,66.48976135253906,60.01285171508789,81.06550598144531,145.6187744140625,31.800092697143555
2020-03-12,59.923583984375,55.089012145996094,74.38327026367188,131.8085479736328,28.1640682220459
2020-03-13,67.1029281616211,60.17987823486328,87.78153991699219,150.54759216308594,28.876115798950195
2020-03-16,58.470340728759766,53.1784553527832,74.64515686035156,128.35836791992188,26.126373291015625
2020-03-17,61.04128646850586,55.41165542602539,79.20699310302734,138.92686462402344,27.8837890625
2020-03-18,59.5470085144043,54.079959869384766,70.86897277832031,133.07864379882812,25.08858871459961
2020-03-19,59.09075164794922,55.0949592590332,72.06011199951172,135.2682342529297,26.0809268951416
2020-03-20,55.3393440246582,52.94105911254883,70.53950500488281,130.187744140625,24.800737380981445
2020-03-23,54.16370391845703,52.24325180053711,66.7633056640625,128.88912963867188,23.823556900024414
2020-03-24,59.59769821166992,56.003902435302734,74.70429229736328,140.60458374023438,26.846006393432617
2020-03-25,59.26939010620117,54.59687423706055,77.4920883178711,139.25865173339844,28.247390747070312
2020-03-26,62.3883171081543,57.63493728637695,82.89022827148438,147.96945190429688,29.4063777923584
2020-03-27,59.8053092956543,55.025081634521484,76.98518371582031,141.8937225341797,27.989843368530273
2020-03-30,61.51202392578125,56.811737060546875,78.98736572265625,151.87457275390625,28.40647315979004
2020-03-31,61.386497497558594,57.58686447143555,76.05593872070312,149.48599243164062,28.762500762939453
2020-04-01,58.156524658203125,54.62066650390625,71.26600646972656,144.1780242919922,28.429197311401367
2020-04-02,59.12696075439453,55.3606071472168,73.9271011352539,147.1637725830078,30.603235244750977
2020-04-03,58.2772216796875,54.15479278564453,71.74195098876953,145.80828857421875,29.701801300048828
2020-04-06,63.36117172241211,58.6395263671875,76.3597412109375,156.6517791748047,30.656261444091797
2020-04-07,62.6273193359375,58.608306884765625,77.36695098876953,154.964599609375,31.239540100097656
2020-04-08,64.230224609375,59.81956481933594,80.49098205566406,156.51907348632812,33.21662902832031
2020-04-09,64.69369506835938,59.79825210571289,87.7121353149414,156.52854919433594,32.67121887207031
2020-04-13,65.9635238647461,59.98856735229492,83.81134033203125,156.87925720214844,32.39094924926758
2020-04-14,69.29484558105469,62.705474853515625,81.51525115966797,164.64215087890625,32.140968322753906
2020-04-15,68.66240692138672,62.312461853027344,77.49496459960938,162.9171142578125,30.663837432861328
2020-04-16,69.20796203613281,62.31890106201172,74.54166412353516,167.80799865722656,29.656352996826172
2020-04-17,68.26890563964844,63.3879280090332,81.24210357666016,169.28668212890625,32.739410400390625
2020-04-20,66.85187530517578,62.503273010253906,78.28024291992188,165.93124389648438,31.194093704223633
2020-04-21,64.78546142578125,60.0753059387207,76.00978088378906,159.06881713867188,31.027435302734375
2020-04-22,66.65149688720703,62.36748504638672,76.25732421875,164.47157287597656,31.913724899291992
2020-04-23,66.39321899414062,62.9998664855957,76.30000305175781,162.48109436035156,32.91362380981445
2020-04-24,68.3099365234375,63.26898193359375,77.42669677734375,165.44786071777344,33.12572479248047
2020-04-27,68.35823822021484,62.9844970703125,80.76414489746094,164.97389221191406,33.28480529785156
2020-04-28,67.25019836425781,61.08781814575195,81.33599853515625,160.9550323486328,34.06503677368164
2020-04-29,69.45904541015625,66.5191650390625,83.5296630859375,168.17771911621094,35.95122528076172
2020-04-30,70.92434692382812,66.74317932128906,81.73719024658203,169.86483764648438,35.201297760009766
2020-05-01,69.78251647949219,65.28707885742188,79.59474182128906,165.46682739257812,32.67879867553711
2020-05-04,70.76985168457031,65.56363677978516,78.64727783203125,169.51416015625,33.996864318847656
2020-05-05,71.83204650878906,66.858154296875,78.52778625488281,171.33404541015625,33.958984375
2020-05-06,72.5731430053711,66.68023681640625,77.05111694335938,173.02117919921875,33.32267761230469
2020-05-07,73.32391357421875,67.86223602294922,77.85347747802734,174.0259246826172,33.512062072753906
2020-05-08,75.06912994384766,68.60863494873047,79.12528991699219,175.04962158203125,34.981624603271484
2020-05-11,76.2503662109375,69.56266021728516,76.79507446289062,177.00218200683594,34.648319244384766
2020-05-12,75.37896728515625,68.1546630859375,74.28557586669922,172.9927520751953,34.06916427612305
2020-05-13,74.46881866455078,66.82396697998047,71.72488403320312,170.3766632080078,32.37807083129883
2020-05-14,74.92631530761719,67.24671173095703,74.70380401611328,171.11598205566406,32.66377639770508
2020-05-15,74.48336029052734,68.04959869384766,73.32106018066406,173.60887145996094,32.43212127685547
2020-05-18,76.23826599121094,68.65026092529297,77.20475769042969,175.2676239013672,35.01124572753906
2020-05-19,75.79774475097656,68.11600494384766,75.6854248046875,174.0543670654297,33.93017578125
2020-05-20,77.27185821533203,69.83873748779297,77.95591735839844,176.46859741210938,35.03440856933594
2020-05-21,76.69573211669922,69.71929931640625,76.96576690673828,174.3489990234375,34.40894317626953
2020-05-22,77.1895523071289,70.04093170166016,76.36827087402344,174.42506408691406,34.4398193359375
2020-05-26,76.66670989990234,70.44385528564453,81.78838348388672,172.58108520507812,35.45140075683594
2020-05-27,77.00074768066406,70.38982391357422,86.52568054199219,172.80921936035156,35.70622253417969
2020-05-28,77.0346450805664,70.28873443603516,85.23678588867188,172.41954040527344,34.77959060668945
2020-05-29,76.95960235595703,71.0460205078125,83.06021118164062,174.1779327392578,35.11163330078125
2020-06-01,77.90603637695312,71.11292266845703,84.16130065917969,173.7787628173828,35.73711013793945
2020-06-02,78.2667007446289,71.48163604736328,84.4429702758789,175.75575256347656,36.532474517822266
2020-06-03,78.69756317138672,71.32998657226562,89.0009994506836,176.18344116210938,38.02280044555664
2020-06-04,78.01980590820312,70.09346008300781,90.8532485961914,173.86428833007812,37.91468048095703
2020-06-05,80.24188232421875,71.36815643310547,94.94178771972656,177.93235778808594,40.9880256652832
2020-06-08,80.71631622314453,71.76564025878906,96.8366928100586,179.0349578857422,42.269866943359375
2020-06-09,83.26519012451172,71.9658432006836,94.35284423828125,180.4036865234375,41.32778549194336
2020-06-10,85.4073715209961,72.59131622314453,90.52888488769531,187.0951385498047,39.111602783203125
2020-06-11,81.30693817138672,69.47891998291016,82.97483825683594,177.0484619140625,35.659881591796875
2020-06-12,82.00890350341797,70.02507781982422,85.24533081054688,178.44566345214844,36.42435836791992
2020-06-15,83.02311706542969,70.41263580322266,86.4232406616211,179.5862274169922,36.40119171142578
2020-06-16,85.22340393066406,71.68782043457031,87.1146240234375,183.9870147705078,37.219730377197266
2020-06-17,85.10479736328125,71.9886703491211,84.9124526977539,184.62388610839844,36.007381439208984
2020-06-18,85.13873291015625,71.07575225830078,84.4515151977539,186.60089111328125,36.23131561279297
2020-06-19,84.65216064453125,70.6059341430664,83.48699951171875,185.48878479003906,35.50545883178711
2020-06-22,86.86698150634766,71.89549255371094,82.58222198486328,190.64048767089844,35.84521484375
2020-06-23,88.72113800048828,72.55562591552734,83.58941650390625,191.91416931152344,36.061431884765625
2020-06-24,87.15503692626953,71.00537109375,80.79827880859375,188.045654296875,34.36260986328125
2020-06-25,88.31207275390625,71.42169952392578,83.6150131225586,190.42185974121094,34.879974365234375
2020-06-26,85.59861755371094,67.52820587158203,79.0313949584961,186.6103973388672,33.68307113647461
2020-06-29,87.5713882446289,69.24449157714844,79.38134765625,188.61593627929688,34.22361755371094
2020-06-30,88.3023910522461,70.27932739257812,80.2861328125,193.4349365234375,34.53248977661133
2020-07-01,88.1353530883789,71.46630096435547,79.60327911376953,194.56602478027344,33.7525749206543
2020-07-02,88.1353530883789,72.85051727294922,79.86184692382812,196.04881286621094,34.03828430175781
2020-07-06,90.49301147460938,74.32345581054688,81.87864685058594,200.2689971923828,34.27766036987305
2020-07-07,90.21220397949219,73.84123992919922,79.56879425048828,197.94029235839844,33.3896484375
2020-07-08,92.31328582763672,74.51921844482422,80.4134750366211,202.29351806640625,33.31241989135742
2020-07-09,92.71024322509766,75.2656021118164,78.67244720458984,203.70974731445312,31.93791389465332
2020-07-10,92.8724136352539,76.2741470336914,82.97322845458984,203.09194946289062,32.93405532836914
2020-07-13,92.44401550292969,74.94693756103516,84.16262817382812,196.81871032714844,32.941776275634766
2020-07-14,93.97379302978516,75.37462615966797,84.6452865600586,198.03533935546875,34.03055953979492
2020-07-15,94.62007141113281,75.17739868164062,85.95533752441406,197.7406768798828,34.46299743652344
2020-07-16,93.4557876586914,75.08024597167969,86.19667053222656,193.82464599609375,34.19271469116211
2020-07-17,93.26697540283203,75.17589569091797,84.6021957397461,192.8361053466797,33.605857849121094
2020-07-20,95.23249816894531,77.50476837158203,83.86097717285156,201.1244659423828,32.81821823120117
2020-07-21,93.91812133789062,77.11222839355469,85.67953491210938,198.41552734375,34.47843933105469
2020-07-22,94.18196868896484,77.5548095703125,85.05899810791016,201.26702880859375,33.675357818603516
2020-07-23,89.89512634277344,75.17094421386719,85.30892944335938,192.51290893554688,33.744850158691406
2020-07-24,89.67243194580078,74.74768829345703,84.70559692382812,191.3343505859375,33.53636169433594
2020-07-27,91.79766845703125,75.79936218261719,83.51622772216797,193.75808715820312,34.03055953979492
2020-07-28,90.2896957397461,74.52169799804688,83.87821197509766,192.01870727539062,33.629032135009766
2020-07-29,92.0203857421875,75.50596618652344,85.91224670410156,193.9577178955078,33.999671936035156
2020-07-30,93.13383483886719,76.24244689941406,83.61963653564453,193.80563354492188,32.33173751831055
2020-07-31,102.88389587402344,73.74359893798828,83.29212951660156,194.8606414794922,32.49390411376953
2020-08-03,105.4763412475586,73.48638153076172,82.8266830444336,205.81985473632812,32.62517547607422
2020-08-04,106.18072509765625,73.01753234863281,82.3526840209961,202.73080444335938,33.56724548339844
2020-08-05,106.56558990478516,73.30448913574219,83.78339385986328,202.39808654785156,33.860679626464844
2020-08-06,110.28357696533203,74.58612823486328,83.80925750732422,205.63931274414062,33.69852066040039
2020-08-07,107.77621459960938,74.26002502441406,85.65367126464844,201.96084594726562,33.5440673828125
2020-08-10,109.34270477294922,74.18318939208984,86.7396469116211,197.94029235839844,34.37033462524414
2020-08-11,106.09086608886719,73.37635803222656,89.48043060302734,193.31141662597656,34.72554397583008
2020-08-12,109.61674499511719,74.69962310791016,88.72198486328125,198.83370971679688,34.71767044067383
2020-08-13,111.55667114257812,75.16598510742188,88.23069763183594,198.36801147460938,33.86723327636719
2020-08-14,111.45726776123047,74.57027435302734,88.26519012451172,198.55807495117188,34.016849517822266
2020-08-17,111.16626739501953,75.14566802978516,85.9381103515625,199.8697509765625,33.575897216796875
2020-08-18,112.09255981445312,77.10528564453125,84.7400894165039,201.0198974609375,33.4105339050293
2020-08-19,112.23321533203125,76.55170440673828,84.93832397460938,199.80029296875,33.040443420410156
2020-08-20,114.72362518310547,78.11980438232422,83.92129516601562,204.44992065429688,32.53647994995117
2020-08-21,120.6356201171875,78.08610534667969,83.87821197509766,202.96359252929688,32.29238510131836
2020-08-24,122.07845306396484,78.56088256835938,86.23974609375,203.6019287109375,33.245174407958984
2020-08-25,121.07698059082031,79.5867919921875,86.61901092529297,206.25071716308594,32.19001388549805
2020-08-26,122.72349548339844,81.48397064208984,85.40372467041016,210.70980834960938,31.504959106445312
2020-08-27,121.25640869140625,80.71031188964844,88.21347045898438,215.88340759277344,31.292360305786133
2020-08-28,121.05998229980469,81.25102996826172,88.57545471191406,218.10342407226562,32.04041290283203
2020-08-31,125.16539001464844,80.76039123535156,86.35182189941406,214.8829803466797,31.449840545654297
2020-09-01,130.1510467529297,82.02664947509766,86.30870819091797,216.5408477783203,31.04825782775879
2020-09-02,127.45451354980469,85.11477661132812,87.61013793945312,220.71408081054688,30.859262466430664
2020-09-03,117.25041961669922,80.7593994140625,87.33436584472656,207.04153442382812,30.796274185180664
2020-09-04,117.32801055908203,78.36561584472656,89.22187042236328,204.135498046875,30.772653579711914
2020-09-08,109.43243408203125,75.51042938232422,86.11908721923828,193.09263610839844,30.063968658447266
2020-09-09,113.79730224609375,76.68157196044922,86.93789672851562,201.3152313232422,29.882858276367188
2020-09-10,110.08232116699219,75.63185119628906,86.04154205322266,195.6747283935547,29.134801864624023
2020-09-11,108.63705444335938,75.12188720703125,87.11027526855469,194.3979949951172,29.05606460571289
2020-09-14,111.89615631103516,74.7784194946289,88.31688690185547,195.7128448486328,28.867080688476562
2020-09-15,112.07074737548828,76.08137512207031,85.5675048828125,198.92373657226562,28.559980392456055
2020-09-16,108.76313781738281,74.93998718261719,85.92948913574219,195.3698272705078,29.772619247436523
2020-09-17,107.02688598632812,73.69850158691406,84.94691467285156,193.33084106445312,29.764745712280273
2020-09-18,103.63198852539062,71.91680145263672,84.7659683227539,190.92984008789062,29.284412384033203
2020-09-21,106.77470397949219,70.8785171508789,82.14582824707031,192.978271484375,28.685976028442383
2020-09-22,108.4527587890625,72.34944915771484,81.24946594238281,197.62794494628906,27.97728157043457
2020-09-23,103.903564453125,69.85012817382812,79.93079376220703,191.12037658691406,27.079620361328125
2020-09-24,104.97056579589844,70.5177001953125,79.86184692382812,193.59765625,27.024494171142578
2020-09-25,108.90863037109375,71.32059478759766,80.5599594116211,198.00904846191406,27.276477813720703
2020-09-28,111.50817108154297,72.2919692993164,82.87842559814453,199.55255126953125,27.804054260253906
2020-09-29,110.66429901123047,72.65673065185547,82.18029022216797,197.47547912597656,26.993003845214844
2020-09-30,112.3326416015625,72.63591766357422,82.97322845458984,200.4005889892578,27.032371520996094
2020-10-01,113.28323364257812,73.74110412597656,83.57655334472656,202.43002319335938,26.087459564208984
2020-10-02,109.62641143798828,72.14031982421875,84.36949157714844,196.45599365234375,25.969345092773438
2020-10-05,113.00191497802734,73.4898452758789,86.1527328491211,200.4481964111328,26.567794799804688
2020-10-06,109.76220703125,71.91332244873047,85.26545715332031,196.1892547607422,26.29218864440918
2020-10-07,111.62458038330078,72.31576538085938,86.75294494628906,199.92417907714844,26.378808975219727
2020-10-08,111.51786041259766,73.51959228515625,88.53618621826172,200.6387481689453,27.76468276977539
2020-10-09,113.45781707763672,74.85871124267578,88.03166961669922,205.62184143066406,27.35521697998047
2020-10-12,120.66471099853516,77.54192352294922,89.11032104492188,210.9479522705078,27.268604278564453
2020-10-13,117.46381378173828,77.66482543945312,87.66632843017578,212.3390655517578,26.945758819580078
2020-10-14,117.55111694335938,77.48492431640625,87.1791763305664,210.43345642089844,26.890636444091797
2020-10-15,117.08552551269531,77.08992767333984,88.4840087890625,209.2901153564453,27.12686538696289
2020-10-16,115.44625854492188,77.69605255126953,88.30133056640625,209.2901153564453,26.85126495361328
2020-10-19,112.49755096435547,75.82514190673828,86.81383514404297,204.10691833496094,26.315811157226562
2020-10-20,113.98161315917969,76.87235260009766,87.3096694946289,204.51658630371094,26.536296844482422
2020-10-21,113.3608169555664,78.6025161743164,86.43978881835938,204.6595458984375,26.1110897064209
2020-10-22,112.27446746826172,79.62693786621094,89.4930648803711,204.74526977539062,27.44970703125
2020-10-23,111.58576202392578,80.93136596679688,90.30204010009766,206.02203369140625,26.89850616455078
2020-10-26,111.595458984375,78.51824951171875,88.06645202636719,200.162353515625,26.260692596435547
2020-10-27,113.09891510009766,79.2413558959961,86.40499114990234,203.18270874023438,25.84335708618164
2020-10-28,107.86106872558594,74.87606048583984,83.9780502319336,193.11170959472656,24.85907554626465
2020-10-29,111.85736083984375,77.15980529785156,84.52606964111328,195.05538940429688,25.96147346496582
2020-10-30,105.59132385253906,80.09526824951172,85.2828598022461,192.91162109375,25.685874938964844
2020-11-02,105.50404357910156,80.50218200683594,87.20526123046875,192.77825927734375,26.764650344848633
2020-11-03,107.12389373779297,81.5597915649414,89.95410919189453,196.68463134765625,26.307939529418945
2020-11-04,111.49846649169922,86.52526092529297,87.20526123046875,206.1744384765625,26.166202545166016
2020-11-05,115.45594787597656,87.3504409790039,90.77177429199219,212.74871826171875,26.118953704833984
2020-11-06,115.32479095458984,87.21316528320312,89.56265258789062,213.158447265625,25.811861038208008
2020-11-09,113.02198028564453,87.29692077636719,101.68876647949219,208.08009338378906,29.07969093322754
2020-11-10,112.68191528320312,86.1223373413086,101.35819244384766,201.0484619140625,29.724817276000977
2020-11-11,116.10210418701172,86.59365844726562,99.84461975097656,206.32691955566406,29.418384552001953
2020-11-12,115.83003997802734,86.37509155273438,98.61810302734375,205.2693328857422,28.410350799560547
2020-11-13,115.87864685058594,87.83414459228516,99.23567962646484,206.28878784179688,29.09581184387207
2020-11-16,116.88916015625,87.921875,102.0367202758789,206.97483825683594,30.773178100585938
2020-11-17,116.00494384765625,87.30880737304688,101.00154113769531,204.3356170654297,31.184457778930664
2020-11-18,114.6834945678711,86.26705169677734,100.2534408569336,201.64169311523438,30.007078170776367
2020-11-19,115.27619934082031,87.15565490722656,100.52310943603516,202.92178344726562,30.160289764404297
2020-11-20,114.0130615234375,86.05591583251953,99.66191864013672,200.98260498046875,29.789337158203125
2020-11-23,110.62202453613281,85.6187973022461,102.53252410888672,200.71505737304688,31.740886688232422
2020-11-24,111.90459442138672,87.41983795166016,107.27336883544922,204.29737854003906,33.85372543334961
2020-11-25,112.7402114868164,87.43123626708984,106.1512222290039,204.30694580078125,32.91020584106445
2020-11-27,113.28433227539062,88.56566619873047,105.4466323852539,205.60610961914062,32.41020965576172
2020-11-30,115.67459869384766,86.94900512695312,102.54122924804688,204.4980010986328,30.748987197875977
2020-12-01,119.24053192138672,88.97900390625,104.15921020507812,206.54229736328125,31.047359466552734
2020-12-02,119.59033203125,90.44649505615234,106.15991973876953,205.73985290527344,32.208614349365234
2020-12-03,119.45429992675781,90.29136657714844,105.46401977539062,204.660400390625,32.426334381103516
2020-12-04,118.78385925292969,90.38653564453125,106.42090606689453,204.7750701904297,33.61178970336914
2020-12-07,120.2413101196289,90.052978515625,106.020751953125,204.70819091796875,32.982784271240234
2020-12-08,120.85346984863281,89.7704849243164,106.12512969970703,206.35125732421875,34.063392639160156
2020-12-09,118.32719421386719,88.11168670654297,105.29875183105469,202.32948303222656,34.51499557495117
2020-12-10,119.74577331542969,87.60567474365234,104.6202392578125,201.10675048828125,35.49076461791992
2020-12-11,118.93931579589844,87.96002960205078,104.00263977050781,203.7241973876953,35.321414947509766
2020-12-14,118.32719421386719,86.84294891357422,102.90658569335938,204.6221923828125,34.047264099121094
2020-12-15,124.25421905517578,87.28008270263672,104.66372680664062,204.55532836914062,34.708534240722656
2020-12-16,124.18621826171875,87.08726501464844,104.96820068359375,209.47500610351562,35.24076843261719
2020-12-17,125.05098724365234,86.26061248779297,104.09831237792969,209.6087646484375,35.0633544921875
2020-12-18,123.0688247680664,85.5523910522461,103.58509063720703,208.8158721923828,34.45853805541992
2020-12-21,124.59429168701172,85.9657211303711,107.47344970703125,212.63702392578125,33.82952880859375
2020-12-22,128.1407928466797,85.25503540039062,105.83807373046875,213.9266815185547,33.2569694519043
2020-12-23,127.24690246582031,85.65200805664062,108.795654296875,211.13723754882812,33.68436813354492
2020-12-24,128.22825622558594,85.9458999633789,108.31722259521484,212.78985595703125,33.54727554321289
2020-12-28,132.81448364257812,87.91840362548828,109.030517578125,214.9010467529297,33.66017532348633
2020-12-29,131.04603576660156,87.11553192138672,108.74347686767578,214.1272430419922,33.28115463256836
2020-12-30,129.92868041992188,86.04948425292969,109.04792022705078,211.7677001953125,33.54727554321289
2020-12-31,128.9278564453125,86.86177825927734,110.53543853759766,212.4746551513672,33.2408447265625
2021-01-04,125.74083709716797,85.54792022705078,109.49154663085938,207.95611572265625,33.466636657714844
2021-01-05,127.29546356201172,86.2378158569336,110.08734130859375,208.15675354003906,35.07948684692383
2021-01-06,123.01050567626953,85.38684844970703,115.256591796875,202.75936889648438,35.97461700439453
2021-01-07,127.20806884765625,87.93724060058594,119.04151916503906,208.52931213378906,36.25686264038086
2021-01-08,128.30596923828125,89.10140991210938,119.17291259765625,209.7998504638672,36.66007995605469
2021-01-11,125.32302856445312,87.04267120361328,120.95149230957031,207.7650604248047,37.77294158935547
2021-01-12,125.14813995361328,86.10795593261719,122.85272979736328,205.31951904296875,38.61164093017578
2021-01-13,127.17886352539062,86.59465789794922,122.96663665771484,206.66650390625,39.047096252441406
2021-01-14,125.25502014160156,85.78531646728516,123.68508911132812,203.49496459960938,40.57123565673828
2021-01-15,123.53520202636719,85.62177276611328,121.46842956542969,203.14146423339844,38.619686126708984
2021-01-19,124.20564270019531,88.43929290771484,120.94273376464844,206.76199340820312,39.38579177856445
2021-01-20,128.2865753173828,93.17728424072266,119.12911224365234,214.3087615966797,39.942222595214844
2021-01-21,132.9893035888672,93.37947845458984,118.1303482055664,214.91062927246094,38.7971076965332
2021-01-22,135.12696838378906,93.7962875366211,117.2191390991211,215.8467559814453,38.248741149902344
2021-01-25,138.86782836914062,93.88152313232422,115.7559814453125,219.26669311523438,37.82133102416992
2021-01-26,139.1009979248047,94.55902862548828,115.28287506103516,221.94151306152344,36.99070739746094
2021-01-27,138.03221130371094,90.14763641357422,112.02360534667969,222.48599243164062,36.571372985839844
2021-01-28,133.20309448242188,91.8455810546875,113.99491882324219,228.24639892578125,37.143943786621094
2021-01-29,128.2185516357422,90.56494140625,112.7332763671875,221.58804321289062,36.160091400146484
2021-02-01,130.33670043945312,93.8215560913086,113.56562042236328,228.93418884277344,36.224605560302734
2021-02-02,131.1626434326172,95.11260986328125,117.06141662597656,228.80047607421875,36.79717254638672
2021-02-03,130.1424560546875,102.03919982910156,118.40193176269531,232.1343994140625,38.24067306518555
2021-02-04,133.49461364746094,101.77899932861328,121.12673950195312,231.1886749267578,38.97452926635742
2021-02-05,133.08103942871094,103.5235366821289,120.89018249511719,231.37017822265625,40.28093719482422
2021-02-08,133.2269744873047,103.3099365234375,122.78263092041016,231.62808227539062,42.014747619628906
2021-02-09,132.35116577148438,102.85743713378906,122.29199981689453,232.8699951171875,41.522674560546875
2021-02-10,131.7478790283203,103.40706634521484,122.36211395263672,231.96249389648438,41.92452621459961
2021-02-11,131.494873046875,103.51956939697266,122.02043151855469,233.5577850341797,40.87477493286133
2021-02-12,131.72840881347656,103.83080291748047,123.75516510009766,234.03541564941406,41.432456970214844
2021-02-16,129.60702514648438,104.607421875,126.73404693603516,232.80311584472656,42.679039001464844
2021-02-17,127.32025909423828,104.99995422363281,127.12836456298828,233.81800842285156,43.34333419799805
2021-02-18,126.2206802368164,104.36506652832031,127.5575942993164,233.42544555664062,42.66263198852539
2021-02-19,126.37633514404297,103.52253723144531,129.6866912841797,230.72537231445312,42.949676513671875
2021-02-22,122.61050415039062,101.81021881103516,130.90447998046875,224.53997802734375,44.532508850097656
2021-02-23,122.47423553466797,102.10065460205078,131.95587158203125,223.35272216796875,45.147605895996094
2021-02-24,121.97796630859375,103.27474212646484,134.2776336669922,224.5783233642578,46.50079345703125
2021-02-25,117.7352523803711,99.91156768798828,132.45526123046875,219.25465393066406,45.729881286621094
2021-02-26,117.99798583984375,100.20693969726562,128.9419403076172,222.50054931640625,44.58991622924805
2021-03-01,124.35234832763672,102.5734634399414,131.8594970703125,226.86671447753906,46.254756927490234
2021-03-02,121.75415802001953,102.31673431396484,131.4301300048828,223.9271697998047,45.98411560058594
2021-03-03,118.77645111083984,99.68656158447266,133.9709930419922,217.88548278808594,46.35316848754883
2021-03-04,116.89839172363281,100.80266571044922,131.91204833984375,217.0907745361328,48.14923095703125
2021-03-05,118.1536865234375,103.9319076538086,132.21871948242188,221.75372314453125,49.96990966796875
2021-03-08,113.22978973388672,99.4927749633789,133.9709930419922,217.7227020263672,49.92069625854492
2021-03-09,117.83255767822266,101.121337890625,133.0247802734375,223.8410186767578,49.1497802734375
2021-03-10,116.75243377685547,100.9146728515625,135.91600036621094,222.53883361816406,50.6588020324707
2021-03-11,118.67913818359375,104.10389709472656,135.20635986328125,227.04861450195312,50.281551361083984
2021-03-12,117.77416229248047,101.59909057617188,136.80970764160156,225.72731018066406,50.82282257080078
2021-03-15,120.65454864501953,101.81915283203125,136.12628173828125,224.8272247314453,49.52703857421875
2021-03-16,122.19204711914062,103.27871704101562,134.4966583251953,227.6039276123047,48.4772834777832
2021-03-17,121.40384674072266,103.19593811035156,135.88096618652344,226.96243286132812,48.69050979614258
2021-03-18,117.2876205444336,100.1787109375,138.12388610839844,220.91110229492188,46.59101486206055
2021-03-19,116.76215362548828,100.45722198486328,135.92478942871094,220.5568389892578,46.32856369018555
2021-03-22,120.0707015991211,100.64208984375,132.27130126953125,225.95706176757812,45.85289764404297
2021-03-23,119.24356079101562,101.16940307617188,130.9483184814453,227.4794921875,45.287025451660156
2021-03-24,116.85945892333984,100.7332763671875,131.96461486816406,225.44960021972656,46.205562591552734
2021-03-25,117.34601593017578,100.72980499267578,133.65560913085938,222.46224975585938,46.0743293762207
2021-03-26,117.94932556152344,100.34671020507812,135.88096618652344,226.42626953125,47.3291130065918
2021-03-29,118.1244888305664,101.39045715332031,133.76947021484375,225.23895263671875,47.07488250732422
2021-03-30,116.67455291748047,101.42415618896484,135.34654235839844,221.99307250976562,46.49259948730469
2021-03-31,118.86405181884766,102.2196044921875,133.3751678466797,225.7464141845703,45.78730010986328
2021-04-01,119.69120025634766,105.55303192138672,134.6719207763672,232.0466766357422,47.066680908203125
2021-04-05,122.51317596435547,109.97283935546875,135.38580322265625,238.48095703125,46.33677291870117
2021-04-06,122.81483459472656,109.49211120605469,134.43399047851562,237.3224639892578,46.205562591552734
2021-04-07,124.4593734741211,110.96752166748047,136.54029846191406,239.2757110595703,46.410587310791016
2021-04-08,126.85316467285156,111.53251647949219,136.70773315429688,242.48329162597656,45.92670822143555
2021-04-09,129.4221649169922,112.53561401367188,137.73001098632812,244.97271728515625,45.820091247558594
2021-04-12,127.70951843261719,111.24456787109375,137.43919372558594,245.03018188476562,45.516658782958984
2021-04-13,130.81370544433594,111.73075103759766,135.79995727539062,247.50048828125,45.688880920410156
2021-04-14,128.478271484375,111.1102523803711,133.2618408203125,244.7238006591797,47.009281158447266
2021-04-15,130.88182067871094,113.25821685791016,134.1078643798828,248.467529296875,46.73043441772461
2021-04-16,130.55093383789062,113.13431549072266,135.1037139892578,249.65487670898438,46.467987060546875
2021-04-19,131.2126922607422,113.48173522949219,134.53089904785156,247.7398681640625,46.32036590576172
2021-04-20,129.52920532226562,112.94895935058594,131.55210876464844,247.28033447265625,45.344425201416016
2021-04-21,129.90870666503906,112.91624450683594,132.6713409423828,249.50164794921875,45.92670822143555
2021-04-22,128.39071655273438,111.63610076904297,129.87762451171875,246.23658752441406,45.32802200317383
2021-04-23,130.7066650390625,113.98575592041016,132.36288452148438,250.0474090576172,45.57406997680664
2021-04-26,131.09588623046875,114.48136901855469,132.68896484375,250.43048095703125,45.66427230834961
2021-04-27,130.77476501464844,113.54219055175781,133.29710388183594,250.83253479003906,46.26295852661133
2021-04-28,129.98658752441406,116.91529846191406,134.1607208251953,243.737548828125,47.65717315673828
2021-04-29,129.8892822265625,118.58647918701172,136.76943969726562,241.7747039794922,48.337860107421875
2021-04-30,127.92359161376953,116.64071655273438,135.5531768798828,241.45875549316406,46.94365692138672
2021-05-03,128.97454833984375,116.12429809570312,135.15664672851562,241.15235900878906,48.23944854736328
2021-05-04,124.41070556640625,114.3277359008789,137.02500915527344,237.25537109375,48.54288864135742
2021-05-05,124.65400695800781,114.72124481201172,138.82284545898438,235.99151611328125,50.00270462036133
2021-05-06,126.24986267089844,115.84031677246094,141.6165771484375,239.11293029785156,50.47838592529297
2021-05-07,126.92247009277344,116.56291198730469,142.10128784179688,241.7268524169922,51.20008087158203
2021-05-10,123.64728546142578,113.5803451538086,142.08363342285156,236.6713409423828,51.32310485839844
2021-05-11,122.73102569580078,112.50540161132812,139.72177124023438,235.76171875,49.69105911254883
2021-05-12,119.67027282714844,109.04556274414062,138.7611541748047,228.83909606933594,49.95732498168945
2021-05-13,121.81474304199219,110.47241973876953,142.33045959472656,232.69773864746094,49.34159851074219
2021-05-14,124.23214721679688,112.917724609375,144.5425262451172,237.60008239746094,50.564735412597656
2021-05-17,123.08191680908203,113.44010162353516,145.12416076660156,234.75637817382812,51.74626922607422
2021-05-18,121.69776153564453,112.12921905517578,143.07952880859375,232.74563598632812,50.281822204589844
2021-05-19,121.54183197021484,112.57675170898438,141.98672485351562,233.32147216796875,49.0753288269043
2021-05-20,124.09565734863281,114.33368682861328,141.7399444580078,236.5460968017578,48.95884323120117
2021-05-21,122.26314544677734,113.69831085205078,143.35275268554688,235.288818359375,49.02540969848633
2021-05-24,123.89096069335938,117.014404296875,144.12826538085938,240.6727294921875,49.59953308105469
2021-05-25,123.69600677490234,117.10508728027344,142.638916015625,241.57484436035156,48.47624969482422
2021-05-26,123.64728546142578,117.96944427490234,142.62124633789062,241.3541259765625,49.04204177856445
2021-05-27,122.11692810058594,117.09569549560547,144.8421630859375,239.26199340820312,48.72586441040039
2021-05-28,121.46383666992188,116.80674743652344,144.7451934814453,239.6170654296875,48.56777572631836
2021-06-01,121.14215087890625,118.0125503540039,146.34036254882812,237.428955078125,50.30678939819336
2021-06-02,121.90247344970703,117.48770904541016,146.3491668701172,237.33294677734375,50.706180572509766
2021-06-03,120.42085266113281,116.3473129272461,146.4461212158203,235.8070526123047,50.90587615966797
2021-06-04,122.71150207519531,118.6266098022461,146.68405151367188,240.6823272705078,51.13054656982422
2021-06-07,122.72126770019531,119.05926513671875,145.9967041015625,243.58062744140625,50.7977180480957
2021-06-08,123.5400619506836,118.86797332763672,145.4149627685547,242.390625,51.696346282958984
2021-06-09,123.9201889038086,119.33879852294922,143.5995330810547,243.3694610595703,52.1290168762207
2021-06-10,122.92596435546875,120.68634033203125,141.36099243164062,246.8723907470703,52.21223068237305
2021-06-11,124.13465881347656,120.44200897216797,141.26405334472656,247.4962158203125,51.729618072509766
2021-06-14,127.18560791015625,121.36930084228516,138.86691284179688,249.41558837890625,51.64642333984375
2021-06-15,126.36683654785156,120.3523178100586,136.76058959960938,247.947265625,53.526885986328125
2021-06-16,126.86395263671875,119.71100616455078,137.72122192382812,247.0067901611328,53.335514068603516
2021-06-17,128.46258544921875,120.67346954345703,133.74655151367188,250.38487243652344,51.57986068725586
2021-06-18,127.16615295410156,119.05531311035156,130.36231994628906,248.97415161132812,50.256874084472656
2021-06-21,128.95968627929688,120.74186706542969,132.57440185546875,252.04513549804688,52.07909393310547
2021-06-22,130.5972442626953,121.25530242919922,132.38055419921875,254.80908203125,53.07756805419922
2021-06-23,130.32431030273438,121.0535888671875,133.18251037597656,254.57875061035156,53.468650817871094
2021-06-24,130.04168701171875,121.42330932617188,134.407470703125,255.94154357910156,53.68498992919922
2021-06-25,129.7492218017578,121.4317398071289,135.7647247314453,254.3388214111328,53.80146789550781
2021-06-28,131.37709045410156,121.45899200439453,136.011474609375,257.8897399902344,52.42856216430664
2021-06-29,132.8878936767578,121.19781494140625,135.8440399169922,260.4617004394531,52.10405731201172
2021-06-30,133.50204467773438,121.01641845703125,137.07786560058594,259.98187255859375,52.48680877685547
2021-07-01,133.80419921875,121.36831665039062,138.43508911132812,260.6536560058594,52.63657760620117
2021-07-02,136.42628479003906,124.15657043457031,138.3021240234375,266.4598083496094,52.561702728271484
2021-07-06,138.43429565429688,125.08088684082031,135.9797821044922,266.4694519042969,51.063968658447266
2021-07-07,140.91986083984375,125.36238861083984,136.1393280029297,268.6479187011719,50.26518249511719
2021-07-08,139.62347412109375,123.9449462890625,133.79043579101562,266.23907470703125,50.04052734375
2021-07-09,141.4462432861328,124.41529083251953,138.07167053222656,266.73809814453125,50.94748306274414
2021-07-12,140.85165405273438,125.85948181152344,140.04827880859375,266.14306640625,50.897560119628906
2021-07-13,141.96287536621094,126.22225189208984,137.96524047851562,269.6556091308594,50.65625762939453
2021-07-14,145.3842315673828,127.10987854003906,137.4954833984375,271.12384033203125,49.53297424316406
2021-07-15,144.7311553955078,125.88871765136719,137.796875,269.70361328125,49.05036163330078
2021-07-16,142.69395446777344,125.85403442382812,134.65023803710938,269.43487548828125,47.6941032409668
2021-07-19,138.85342407226562,123.4830551147461,130.27149963378906,265.8456115722656,46.054931640625
2021-07-20,142.4599609375,125.10022735595703,132.70016479492188,268.06243896484375,46.5624885559082
2021-07-21,141.72894287109375,126.42793273925781,135.49227905273438,270.0586853027344,48.060211181640625
2021-07-22,143.0935821533203,127.29276275634766,133.78155517578125,274.60760498046875,47.519371032714844
2021-07-23,144.80911254882812,131.8458709716797,133.52452087402344,277.99542236328125,47.46112823486328
2021-07-26,145.22828674316406,132.85696411132812,134.41976928710938,277.4002990722656,48.659297943115234
2021-07-27,143.06436157226562,130.74069213867188,134.24246215820312,274.9915466308594,48.11845779418945
2021-07-28,141.3195037841797,134.89781188964844,134.46405029296875,274.68438720703125,48.44296646118164
2021-07-29,141.96287536621094,134.58412170410156,135.61636352539062,274.953125,49.033729553222656
2021-07-30,142.1773223876953,133.5423583984375,134.5349884033203,273.4271240234375,47.902122497558594
2021-08-02,141.84593200683594,133.66925048828125,133.99427795410156,273.34088134765625,47.91044616699219
2021-08-03,143.63946533203125,134.43792724609375,135.5188446044922,275.54815673828125,48.42631912231445
2021-08-04,143.23976135253906,133.93785095214844,134.05638122558594,274.9627380371094,47.29471206665039
2021-08-05,143.34701538085938,135.05393981933594,135.74932861328125,277.85137939453125,47.5942497253418
2021-08-06,142.6636505126953,134.5454559326172,139.60511779785156,277.7938232421875,48.1434211730957
2021-08-09,142.61485290527344,135.70962524414062,139.4544219970703,276.7093811035156,47.5942497253418
2021-08-10,142.13653564453125,135.6045684814453,141.16513061523438,274.89556884765625,48.4096794128418
2021-08-11,142.39035034179688,135.0812225341797,142.84925842285156,275.3849792480469,48.55112075805664
2021-08-12,145.34828186035156,135.9881591796875,143.40768432617188,278.1297302246094,48.44131851196289
2021-08-13,145.5532684326172,136.51693725585938,141.8032989501953,281.0471496582031,47.95142364501953
2021-08-16,147.52520751953125,137.0938720703125,140.87261962890625,282.7266540527344,47.25034713745117
2021-08-17,146.61734008789062,135.46034240722656,139.17074584960938,281.2679138183594,46.92938232421875
2021-08-18,142.87841796875,134.25851440429688,137.90325927734375,279.5468444824219,45.941131591796875
2021-08-19,143.21038818359375,134.48745727539062,136.7509307861328,285.35443115234375,44.53898620605469
2021-08-20,144.6648712158203,136.22158813476562,137.1409454345703,292.65252685546875,44.54743576049805
2021-08-23,146.14877319335938,138.81065368652344,138.89598083496094,292.9312744140625,46.38035202026367
2021-08-24,146.06088256835938,140.0199432373047,139.7557830810547,290.9794006347656,46.760459899902344
2021-08-25,144.8308868408203,140.8302001953125,142.63653564453125,290.3929138183594,46.844913482666016
2021-08-26,144.0303955078125,140.19732666015625,143.37222290039062,287.585205078125,46.211421966552734
2021-08-27,145.0651397705078,142.73828125,144.5245361328125,288.1910095214844,47.10676193237305
2021-08-30,149.4776611328125,143.31964111328125,142.21104431152344,291.9120788574219,46.59151840209961
2021-08-31,148.2183380126953,143.42572021484375,141.77671813964844,290.26788330078125,46.050933837890625
2021-09-01,148.88218688964844,143.93917846679688,141.57286071777344,290.2197570800781,45.41743469238281
2021-09-02,149.99496459960938,142.02761840820312,142.22877502441406,289.5659484863281,46.523948669433594
2021-09-03,150.62954711914062,142.47610473632812,141.3689727783203,289.556396484375,46.34656524658203
2021-09-07,152.9626922607422,143.01239013671875,141.1208038330078,288.6332092285156,46.076271057128906
2021-09-08,151.4202880859375,142.4280548095703,140.49148559570312,288.662109375,45.65393829345703
2021-09-09,150.40504455566406,142.27938842773438,141.1030731201172,285.81591796875,45.6877326965332
2021-09-10,145.42633056640625,139.63780212402344,139.48101806640625,284.33514404296875,45.594818115234375
2021-09-13,145.9925994873047,141.08151245117188,141.69692993164062,285.5660095214844,46.768890380859375
2021-09-14,144.59657287597656,141.2916259765625,139.22396850585938,288.2582702636719,46.10161590576172
2021-09-15,145.48489379882812,143.16009521484375,140.19012451171875,293.0947570800781,47.65578842163086
2021-09-16,145.25064086914062,142.3477783203125,140.1280517578125,293.47943115234375,47.148990631103516
2021-09-17,142.58558654785156,139.56246948242188,139.76466369628906,288.3351745605469,46.59151840209961
2021-09-20,139.53977966308594,137.500244140625,135.58090209960938,282.97943115234375,45.349857330322266
2021-09-21,140.01812744140625,137.8109893798828,135.5986328125,283.4602355957031,45.3076286315918
2021-09-22,142.3805694580078,139.050537109375,138.1957244873047,287.09478759765625,46.63375473022461
2021-09-23,143.33726501464844,139.97482299804688,142.8669891357422,288.037109375,48.2132682800293
2021-09-24,143.4250946044922,140.9650115966797,144.51564025878906,287.835205078125,48.64405059814453
2021-09-27,141.9120330810547,139.8320770263672,148.00796508789062,282.85443115234375,50.088417053222656
2021-09-28,138.5343017578125,134.6361541748047,147.2102508544922,272.6140441894531,50.61209487915039
2021-09-29,139.43240356445312,133.172607421875,147.09503173828125,273.07568359375,50.57832717895508
2021-09-30,138.13401794433594,132.50108337402344,145.0918426513672,271.0756530761719,49.68297576904297
2021-10-01,139.2567138671875,135.3428955078125,148.14097595214844,277.9795227050781,51.46521759033203
2021-10-04,135.83018493652344,132.48472595214844,147.9813995361328,272.2198181152344,52.13249588012695
2021-10-05,137.75331115722656,134.82745361328125,150.39796447753906,277.65252685546875,52.04802703857422
2021-10-06,138.62213134765625,136.35589599609375,150.71897888183594,281.83526611328125,51.09355926513672
2021-10-07,139.88145446777344,138.00131225585938,151.6731414794922,283.50836181640625,51.237159729003906
2021-10-08,139.500732421875,138.556884765625,151.78907775878906,283.50836181640625,52.52104187011719
2021-10-11,139.41287231445312,137.6930389404297,148.5966796875,282.912109375,51.997344970703125
2021-10-12,138.14378356933594,135.2497100830078,147.45529174804688,281.6139831542969,51.72706604003906
2021-10-13,137.55809020996094,136.3727569580078,143.5673828125,284.91217041015625,51.58346939086914
2021-10-14,140.3402862548828,139.91038513183594,145.76992797851562,291.1043701171875,52.368995666503906
2021-10-15,141.39462280273438,140.12547302246094,148.56993103027344,292.5081787109375,52.867347717285156
2021-10-18,143.0639190673828,141.5230712890625,148.51638793945312,295.4698181152344,52.842010498046875
2021-10-19,145.22134399414062,141.97805786132812,150.31771850585938,296.37359619140625,53.635982513427734
2021-10-20,145.70944213867188,140.52296447753906,152.3419189453125,295.58514404296875,53.93162155151367
2021-10-21,145.92420959472656,140.63893127441406,151.14700317382812,298.806396484375,52.95181655883789
2021-10-22,145.1530303955078,136.3573760986328,153.18011474609375,297.26788330078125,53.31502151489258
2021-10-25,145.1042022705078,136.2389373779297,152.4311065673828,296.2774353027344,54.35395812988281
2021-10-26,145.7680206298828,138.08409118652344,152.84130859375,298.1813049316406,55.61250305175781
2021-10-27,145.3092041015625,144.932373046875,149.6578369140625,310.739013671875,54.16812515258789
2021-10-28,148.94068908691406,144.5670928955078,151.91387939453125,311.8735656738281,54.320167541503906
2021-10-29,146.23660278320312,146.74478149414062,151.49478149414062,318.8638610839844,54.4553108215332
2021-11-01,145.41661071777344,142.23574829101562,151.41452026367188,316.7004089355469,55.43511962890625
2021-11-02,146.45138549804688,144.1542510986328,152.0120086669922,320.3157958984375,54.75093460083008
2021-11-03,147.88641357421875,145.3095245361328,152.06549072265625,321.15228271484375,53.99919128417969
2021-11-04,147.36898803710938,146.96432495117188,150.06802368164062,323.4985046386719,54.40464401245117
2021-11-05,147.89694213867188,147.543701171875,149.85403442382812,323.1330871582031,54.91987609863281
2021-11-08,147.0757293701172,147.72113037109375,150.75465393066406,324.02728271484375,55.51114273071289
2021-11-09,147.4374542236328,147.609619140625,149.61325073242188,323.02734375,56.05171585083008
2021-11-10,144.61209106445312,144.6112060546875,149.47056579589844,318.07550048828125,54.94746780395508
2021-11-11,144.56320190429688,144.48533630371094,149.46168518066406,319.6427307128906,55.05018615722656
2021-11-12,146.6357879638672,147.3712158203125,148.79286193847656,323.7677307128906,54.63074493408203
2021-11-15,146.64556884765625,147.14720153808594,148.52537536621094,323.1427307128906,55.10154724121094
2021-11-16,147.62319946289062,146.5762939453125,147.45529174804688,326.4504089355469,55.657958984375
2021-11-17,150.05751037597656,146.7457733154297,146.6616668701172,326.67193603515625,55.05018615722656
2021-11-18,154.33953857421875,148.52154541015625,145.3954315185547,328.7430114746094,54.450984954833984
2021-11-19,156.95960998535156,147.61753845214844,143.4960479736328,330.5155334472656,51.93429946899414
2021-11-22,157.41912841796875,145.01609802246094,146.55465698242188,327.3558044433594,52.65335464477539
2021-11-23,157.80039978027344,144.5006561279297,150.05911254882812,325.2847900390625,54.04009246826172
2021-11-24,158.31854248046875,144.835693359375,148.88206481933594,325.50634765625,54.339698791503906
2021-11-26,153.3032684326172,140.93333435058594,144.39669799804688,317.5783996582031,52.430789947509766
2021-11-29,156.65655517578125,144.25137329101562,143.77243041992188,324.27337646484375,52.721832275390625
2021-11-30,161.6034393310547,140.65032958984375,141.63233947753906,318.455078125,51.22380828857422
2021-12-01,161.0852508544922,139.81175231933594,140.7941131591797,317.9637145996094,51.18101501464844
2021-12-02,160.0978240966797,141.70944213867188,143.75462341308594,317.3954162597656,52.45646286010742
2021-12-03,158.22076416015625,140.75338745117188,141.15078735351562,311.1532897949219,52.12262725830078
2021-12-06,161.62298583984375,141.89674377441406,142.8183135986328,314.2166442871094,52.71327209472656
2021-12-07,167.35189819335938,145.97511291503906,144.96737670898438,322.6261291503906,53.303916931152344
2021-12-08,171.16470336914062,146.88404846191406,143.30877685546875,322.67425537109375,53.4579963684082
2021-12-09,170.65634155273438,146.34085083007812,143.08583068847656,320.8728942871094,53.594970703125
2021-12-10,175.43698120117188,146.70066833496094,142.51513671875,329.9664001464844,53.9373779296875
2021-12-13,171.8099365234375,144.54478454589844,140.82086181640625,326.941650390625,52.75607681274414
2021-12-14,170.43150329589844,142.6421661376953,141.89987182617188,316.2877197265625,52.67903518676758
2021-12-15,175.29034423828125,145.15386962890625,140.8386993408203,322.36602783203125,52.447906494140625
2021-12-16,168.40774536132812,143.17539978027344,143.04127502441406,312.9739685058594,52.53350830078125
2021-12-17,167.3128204345703,140.47935485839844,139.78643798828125,311.9142150878906,51.386451721191406
2021-12-20,165.95388793945312,140.36236572265625,137.2718048095703,308.1671142578125,50.641727447509766
2021-12-21,169.12144470214844,142.21148681640625,139.18902587890625,315.2762451171875,51.78878402709961
2021-12-22,171.712158203125,145.12811279296875,139.7329559326172,320.96917724609375,52.208229064941406
2021-12-23,172.33787536621094,145.6251983642578,140.23228454589844,322.4046325683594,52.233917236328125
2021-12-27,176.2972869873047,146.60650634765625,141.03489685058594,329.87969970703125,52.978641510009766
2021-12-28,175.28054809570312,145.39773559570312,141.46290588378906,328.72369384765625,52.807437896728516
2021-12-29,175.36851501464844,145.3660125732422,141.3915557861328,329.3981018066406,52.345191955566406
2021-12-30,174.21493530273438,144.91551208496094,141.32020568847656,326.8646240234375,52.03702926635742
2021-12-31,173.5989990234375,143.578857421875,141.2042999267578,323.9747009277344,52.379425048828125
2022-01-03,177.9397430419922,143.71713256835938,144.1915740966797,322.46234130859375,54.391056060791016
2022-01-04,175.6813507080078,143.13034057617188,149.6578369140625,316.9331359863281,56.43693161010742
2022-01-05,171.00827026367188,136.5640411376953,146.92178344726562,304.7666931152344,57.13884735107422
2022-01-06,168.15357971191406,136.5368194580078,148.48269653320312,302.3584899902344,58.48279571533203
2022-01-07,168.31976318359375,135.81271362304688,149.95387268066406,302.5126037597656,58.9621696472168
2022-01-10,168.3393096923828,137.45071411132812,150.097412109375,302.7341003417969,58.61119842529297
2022-01-11,171.16470336914062,138.50782775878906,150.2499237060547,303.4180908203125,61.076515197753906
2022-01-12,171.60462951660156,140.18740844726562,151.1020965576172,306.5872802734375,60.896751403808594
2022-01-13,168.3393096923828,137.3689422607422,150.91375732421875,293.61175537109375,60.4601936340332
2022-01-14,169.1996612548828,138.2545623779297,141.63803100585938,298.8135070800781,61.52165222167969
2022-01-18,166.00277709960938,134.80267333984375,135.69944763183594,291.5405578613281,62.55744171142578
2022-01-19,162.51260375976562,133.92892456054688,133.60031127929688,292.1957092285156,62.58310317993164
2022-01-20,160.83106994628906,132.1358184814453,132.46109008789062,290.5292053222656,62.720069885253906
2022-01-21,158.77801513671875,129.20579528808594,130.14662170410156,285.1636657714844,61.77845001220703
2022-01-24,158.00570678710938,129.65431213378906,130.02999877929688,285.4912414550781,62.309173583984375
2022-01-25,156.2068634033203,125.81932830810547,131.4473419189453,277.9004211425781,64.14104461669922
2022-01-26,156.11883544921875,128.0971221923828,132.69427490234375,285.8186950683594,63.490482330322266
2022-01-27,155.6593780517578,127.87113189697266,130.35292053222656,288.8337097167969,64.3036880493164
2022-01-28,166.52093505859375,132.17893981933594,131.51910400390625,296.94476318359375,64.44063568115234
2022-01-31,170.87142944335938,134.11428833007812,133.30430603027344,299.5649108886719,65.02272033691406
2022-02-01,170.70523071289062,136.43418884277344,135.59181213378906,297.4263916015625,69.19151306152344
2022-02-02,171.90768432617188,146.69918823242188,134.50637817382812,301.953857421875,69.0117416381836
2022-02-03,169.033447265625,141.83233642578125,133.39398193359375,290.1920471191406,68.20711517333984
2022-02-04,168.74957275390625,142.03355407714844,136.85670471191406,294.7098693847656,69.68801879882812
2022-02-07,168.0349578857422,137.9775390625,137.31422424316406,289.903076171875,70.5268783569336
2022-02-08,171.13804626464844,138.1737518310547,139.89773559570312,293.3805236816406,68.70360565185547
2022-02-09,172.5574493408203,140.34750366210938,140.48080444335938,299.7864685058594,68.37469482421875
2022-02-10,168.48526000976562,137.40162658691406,139.89773559570312,291.2806091308594,67.7169189453125
2022-02-11,165.0787353515625,133.10223388671875,138.07669067382812,284.2099609375,69.42196655273438
2022-02-14,165.31369018554688,134.33480834960938,136.7938995361328,284.1714782714844,68.35740661621094
2022-02-15,169.14112854003906,135.40782165527344,138.79432678222656,289.44073486328125,67.50054168701172
2022-02-16,168.90618896484375,136.52737426757812,139.0455322265625,289.10284423828125,67.81212615966797
2022-02-17,165.31369018554688,131.37408447265625,135.84298706054688,280.6373291015625,67.70826721191406
2022-02-18,163.76707458496094,129.2568359375,136.47988891601562,277.9344787597656,66.95529174804688
2022-02-22,160.84999084472656,128.6725616455078,136.2376708984375,277.7317199707031,66.17632293701172
2022-02-23,156.6897430419922,126.46658325195312,133.38499450683594,270.5404052734375,66.44463348388672
2022-02-24,159.30337524414062,131.5247344970703,129.67115783691406,284.36334228515625,65.60511016845703
2022-02-25,161.3688201904297,133.2777099609375,132.7391357421875,286.9888610839844,67.37071990966797
2022-02-28,161.63311767578125,133.8699493408203,127.20423126220703,288.4175109863281,67.87269592285156
2022-03-01,159.75364685058594,132.88320922851562,122.40489959716797,284.7108459472656,68.52184295654297
2022-03-02,163.04269409179688,133.38870239257812,124.94363403320312,289.7688903808594,69.69892120361328
2022-03-03,162.7196807861328,132.72262573242188,124.0555419921875,285.6470947265625,70.14035034179688
2022-03-04,159.72425842285156,130.7471160888672,120.56593322753906,279.7974853515625,72.78011322021484
2022-03-07,155.93601989746094,125.26771545410156,115.9101333618164,269.2276611328125,75.40258026123047
2022-03-08,154.11529541015625,125.98735046386719,115.09382629394531,266.2738342285156,75.97381591796875
2022-03-09,159.50894165039062,132.24734497070312,119.70474243164062,278.4847106933594,71.65495300292969
2022-03-10,155.1724853515625,131.26553344726562,118.2873764038086,275.6756896972656,73.8792953491211
2022-03-11,151.46250915527344,128.72901916503906,115.62308502197266,270.3473815917969,73.49848937988281
2022-03-14,147.43930053710938,124.8439712524414,116.77133178710938,266.8434143066406,70.86735534667969
2022-03-15,151.8148956298828,128.06243896484375,118.84355163574219,277.18157958984375,66.83412170410156
2022-03-16,156.21990966796875,132.1090545654297,124.1541976928711,284.1702575683594,66.58311462402344
2022-03-17,157.22811889648438,132.66265869140625,125.72407531738281,284.971435546875,68.35740661621094
2022-03-18,160.5171661376953,134.92904663085938,125.67921447753906,290.00054931640625,68.08907318115234
2022-03-21,161.8876190185547,134.9052734375,125.27554321289062,288.7746276855469,71.1443099975586
2022-03-22,165.25497436523438,138.63865661621094,127.93982696533203,293.50457763671875,70.83271789550781
2022-03-23,166.6156463623047,137.06015014648438,125.39215850830078,289.09320068359375,71.94923400878906
2022-03-24,170.39410400390625,140.32769775390625,126.20849609375,293.5431823730469,72.16561126708984
2022-03-25,171.03041076660156,140.42779541015625,127.31188201904297,293.13775634765625,73.7408218383789
2022-03-28,171.8917694091797,140.2122039794922,126.36996459960938,299.9140930175781,71.67227172851562
2022-03-29,175.1808319091797,141.2529754638672,126.64803314208984,304.46051025390625,71.29144287109375
2022-03-30,174.01597595214844,140.69097900390625,126.07389068603516,302.96429443359375,72.51181030273438
2022-03-31,170.92271423339844,137.84519958496094,122.28829193115234,297.60699462890625,71.48184204101562
2022-04-01,170.6290283203125,138.91867065429688,121.38226318359375,298.6784362792969,71.94056701660156
2022-04-04,174.67185974121094,141.7148895263672,121.92050170898438,304.0357666015625,71.97521209716797
2022-04-05,171.36318969726562,139.35531616210938,120.50166320800781,300.08782958984375,71.60302734375
2022-04-06,168.201416015625,135.34783935546875,118.82978057861328,289.10284423828125,72.3992919921875
2022-04-07,168.5048828125,134.69415283203125,118.46829986572266,290.9078674316406,73.61101531982422
2022-04-08,166.49813842773438,132.1160125732422,120.63723754882812,286.66064453125,75.16024780273438
2022-04-11,162.2498016357422,127.69125366210938,120.19439697265625,275.3571472167969,72.57238006591797
2022-04-12,164.11947631835938,126.59196472167969,118.87496948242188,272.2682189941406,74.08702850341797
2022-04-13,166.80160522460938,128.7523193359375,115.043212890625,277.63525390625,75.13428497314453
2022-04-14,161.7995147705078,125.61614227294922,113.97682189941406,270.11572265625,76.01709747314453
2022-04-18,161.58416748046875,126.55431365966797,116.09156036376953,270.7817077636719,76.64027404785156
2022-04-19,163.86495971679688,128.86630249023438,118.49542236328125,275.395751953125,75.95651245117188
2022-04-20,163.69857788085938,126.91461944580078,118.91114807128906,276.4189453125,76.12960815429688
2022-04-21,162.90565490722656,123.71747589111328,117.98934173583984,271.0616760253906,75.3246841430664
2022-04-22,158.3734130859375,118.583984375,114.60039520263672,264.5169677734375,73.68022918701172
2022-04-25,159.44041442871094,121.99227142333984,114.56423950195312,270.97479248046875,71.19625091552734
2022-04-26,153.48880004882812,117.60714721679688,111.17528533935547,260.8393859863281,71.22220611572266
2022-04-27,153.26365661621094,113.28992462158203,109.72936248779297,273.387939453125,73.25611877441406
2022-04-28,160.1843719482422,117.48078155517578,111.4645004272461,279.5754699707031,75.4718246459961
2022-04-29,154.32083129882812,113.10655975341797,107.8676986694336,267.8858337402344,73.78410339355469
2022-05-02,154.6243133544922,115.55831146240234,108.85274505615234,274.5946044921875,74.78807067871094
2022-05-03,156.11221313476562,116.30271911621094,111.18435668945312,271.99798583984375,76.32868194580078
2022-05-04,162.51406860351562,121.18640899658203,114.86245727539062,279.9132995605469,79.36659240722656
2022-05-05,153.45941162109375,115.48149871826172,111.9886474609375,267.7217102050781,78.16353607177734
2022-05-06,154.18487548828125,114.72916412353516,111.80789947509766,265.19268798828125,79.35794830322266
2022-05-09,149.067626953125,111.52210998535156,110.12699890136719,255.3950958251953,73.100341796875
2022-05-10,151.46939086914062,113.38954162597656,107.44295501708984,260.14422607421875,73.58502960205078
2022-05-11,143.61703491210938,112.60401153564453,106.7651596069336,251.50494384765625,75.11698150634766
2022-05-12,139.75454711914062,111.85218811035156,106.67478942871094,246.48550415039062,75.4579849243164
2022-05-13,144.21499633789062,115.030517578125,107.62369537353516,252.05517578125,77.69635772705078
2022-05-16,142.67588806152344,113.4391098022461,106.87360382080078,252.4219970703125,79.52376556396484
2022-05-17,146.30311584472656,115.44927978515625,110.41616821289062,257.557373046875,80.53804779052734
2022-05-18,138.0487823486328,110.91598510742188,108.52740478515625,245.83082580566406,79.261474609375
2022-05-19,134.64707946777344,109.41380310058594,106.9188003540039,244.9213104248047,79.6899185180664
2022-05-20,134.88232421875,107.95076751708984,106.04218292236328,244.36019897460938,80.31946563720703
2022-05-23,140.29373168945312,110.50808715820312,112.6031723022461,252.18751525878906,82.09442138671875
2022-05-24,137.5978240966797,105.0385971069336,114.19373321533203,251.19094848632812,82.54035186767578
2022-05-25,137.7547149658203,104.87504577636719,114.9889907836914,253.99679565429688,84.20165252685547
2022-05-26,140.95053100585938,106.84508514404297,116.97718048095703,257.26708984375,84.49894714355469
2022-05-27,146.69520568847656,111.3293228149414,118.63096618652344,264.3687438964844,85.3296127319336
2022-05-31,145.9109344482422,112.76213073730469,119.49852752685547,263.04327392578125,83.93933868408203
2022-06-01,145.78353881835938,112.89096069335938,117.40191650390625,263.575439453125,85.54817199707031
2022-06-02,148.2343292236328,116.58867645263672,119.29067993164062,265.6651916503906,85.39952850341797
2022-06-03,142.51905822753906,113.53426361083984,117.62784576416016,261.25335693359375,86.6411361694336
2022-06-06,143.2641143798828,115.79373168945312,117.2392349243164,260.0245666503906,86.42254638671875
2022-06-07,145.78353881835938,116.11984252929688,117.54652404785156,263.65277099609375,90.3834457397461
2022-06-08,145.04827880859375,116.1639404296875,115.67581939697266,261.6306457519531,91.4501724243164
2022-06-09,139.8329315185547,113.826171875,113.24480438232422,256.1930847167969,89.47410583496094
2022-06-10,134.431396484375,110.1844711303711,108.03942108154297,244.77622985839844,87.83901977539062
2022-06-13,129.2847442626953,105.45738983154297,104.82217407226562,234.39459228515625,83.80818939208984
2022-06-14,130.14739990234375,105.77754211425781,103.0779800415039,236.55218505859375,84.02679443359375
2022-06-15,132.76483154296875,108.79974365234375,104.29801940917969,243.58615112304688,82.96879577636719
2022-06-16,127.50053405761719,105.10153198242188,102.50865173339844,237.0166015625,79.90850067138672
2022-06-17,128.9710235595703,106.2017822265625,102.14714813232422,239.60955810546875,75.30059051513672
2022-06-21,133.19618225097656,110.56360626220703,104.67757415771484,245.5018768310547,79.9872055053711
2022-06-22,132.68646240234375,110.50759887695312,104.09014892578125,244.9116668701172,76.82199096679688
2022-06-23,135.54896545410156,111.2554702758789,102.95149230957031,250.45562744140625,74.50492858886719
2022-06-24,138.8722686767578,116.9380874633789,106.02411651611328,259.0086364746094,75.98259735107422
2022-06-27,138.8722686767578,114.81541442871094,105.17461395263672,256.28985595703125,77.8449935913086
2022-06-28,134.73529052734375,111.02303314208984,104.66854858398438,248.15292358398438,80.00468444824219
2022-06-29,136.49005126953125,110.71971893310547,104.19860076904297,251.81021118164062,77.04931640625
2022-06-30,134.0294952392578,108.00529479980469,101.7676010131836,248.4915313720703,74.8808822631836
2022-07-01,136.19595336914062,107.78177642822266,103.0689697265625,251.15225219726562,76.55094146728516
2022-07-05,138.7742156982422,112.26749420166016,102.67691802978516,254.31610107421875,74.15516662597656
2022-07-06,140.10743713378906,113.56501007080078,102.01138305664062,257.5670166015625,72.81737518310547
2022-07-07,143.46995544433594,117.7389907836914,104.59150695800781,259.6859130859375,75.14319610595703
2022-07-08,144.1463623046875,118.3044662475586,104.26329040527344,258.96990966796875,75.2656021118164
2022-07-11,142.01907348632812,114.65978240966797,102.89573669433594,255.9221954345703,74.8808822631836
2022-07-12,142.98959350585938,113.01834106445312,102.99604034423828,245.4341278076172,73.88411712646484
2022-07-13,142.62689208984375,110.37478637695312,102.02961730957031,244.51499938964844,74.18138885498047
2022-07-14,145.54824829101562,109.3974380493164,98.4648208618164,245.83082580566406,72.69497680664062
2022-07-15,147.2147674560547,110.79505157470703,102.977783203125,248.38511657714844,73.91909790039062
2022-07-18,144.17579650878906,108.07170104980469,101.92019653320312,245.99530029296875,75.2831039428711
2022-07-19,148.0284423828125,112.80968475341797,104.44564056396484,251.1038818359375,77.18048095703125
2022-07-20,150.02828979492188,112.8989028930664,104.42741394042969,253.7549285888672,78.02861022949219
2022-07-21,152.2928466796875,113.33502960205078,105.13855743408203,256.241455078125,76.72579956054688
2022-07-22,151.05763244628906,106.9516372680664,104.62798309326172,251.90689086914062,76.13998413085938
2022-07-25,149.9400634765625,106.5650634765625,105.0473861694336,250.4265899658203,78.67564392089844
2022-07-26,148.61663818359375,104.0969467163086,103.40629577636719,243.72158813476562,78.36962890625
2022-07-27,153.7045135498047,112.06627655029297,105.06561279296875,260.01483154296875,80.0658950805664
2022-07-28,154.25352478027344,113.2160873413086,104.6735610961914,267.4358825683594,81.0014877319336
2022-07-29,159.31198120117188,115.2976303100586,105.17501068115234,271.62530517578125,84.75251770019531
2022-08-01,158.33160400390625,113.85045623779297,104.12654113769531,268.98394775390625,82.61030578613281
2022-08-02,156.86111450195312,114.11807250976562,102.50369262695312,265.8974914550781,82.25182342529297
2022-08-03,162.86073303222656,117.04216003417969,103.57952880859375,273.299072265625,79.5849838256836
2022-08-04,162.54701232910156,117.15118408203125,102.43986511230469,274.4407958984375,76.23616790771484
2022-08-05,162.32122802734375,116.4375228881836,105.53970336914062,273.724853515625,77.3378677368164
2022-08-08,161.85000610351562,116.26902770996094,104.25416564941406,271.2188720703125,77.7750473022461
2022-08-09,161.89907836914062,115.60490417480469,105.19324493408203,273.1345520019531,79.20901489257812
2022-08-10,166.1399688720703,118.6479263305664,107.9375,279.77191162109375,79.9609603881836
2022-08-11,165.40370178222656,117.79547882080078,109.53300476074219,277.7013854980469,82.27406311035156
2022-08-12,168.94760131835938,120.61051940917969,111.34729766845703,282.4326171875,82.98919677734375
2022-08-15,170.01759338378906,121.00699615478516,111.64814758300781,283.9419860839844,81.5059814453125
2022-08-16,169.86056518554688,120.63033294677734,112.71485137939453,283.2066345214844,80.74671936035156
2022-08-17,171.35267639160156,118.4992446899414,111.76668548583984,282.4600830078125,81.40003204345703
2022-08-18,170.9600067138672,119.1137924194336,110.9005355834961,281.34503173828125,83.32467651367188
2022-08-19,168.37818908691406,116.1798095703125,108.15631103515625,277.447265625,83.059814453125
2022-08-22,164.50054931640625,113.23590850830078,106.36935424804688,269.3027648925781,82.99801635742188
2022-08-23,164.166748046875,112.8592529296875,105.32087707519531,268.03265380859375,86.5206527709961
2022-08-24,164.46128845214844,112.69075012207031,105.576171875,267.40240478515625,87.03270721435547
2022-08-25,166.91551208496094,115.62472534179688,108.0833740234375,270.3692932128906,87.48295593261719
2022-08-26,160.62290954589844,109.37019348144531,104.5459213256836,259.9364929199219,86.4058837890625
2022-08-29,158.42391967773438,108.45826721191406,104.29064178466797,257.16357421875,88.39232635498047
2022-08-30,155.99917602539062,107.98249053955078,104.30889129638672,254.9722900390625,85.02860260009766
2022-08-31,154.3401336669922,107.2688217163086,103.68891143798828,253.51788330078125,84.39292907714844
2022-09-01,155.06655883789062,108.77545928955078,104.40007781982422,252.4803924560547,82.8744125366211
2022-09-02,152.9559326171875,106.90206909179688,103.67068481445312,248.2724151611328,84.39292907714844
2022-09-06,151.6994171142578,105.87120819091797,103.69803619384766,245.54786682128906,83.82791137695312
2022-09-07,153.1032257080078,108.4880142211914,105.66732788085938,250.2406768798828,83.11279296875
2022-09-08,151.63070678710938,107.42741394042969,108.12895202636719,250.65757751464844,83.79259490966797
2022-09-09,154.48739624023438,109.67748260498047,108.64861297607422,256.4169006347656,85.19635772705078
2022-09-12,160.4363555908203,109.8856201171875,109.93415069580078,258.54034423828125,86.17633056640625
2022-09-13,151.0220489501953,103.40310668945312,106.11406707763672,244.3262176513672,84.16341400146484
2022-09-14,152.465087890625,104.0771255493164,105.86792755126953,244.5491943359375,86.22930145263672
2022-09-15,149.57899475097656,102.00550079345703,107.46340942382812,237.91720581054688,83.72196960449219
2022-09-16,147.9395751953125,101.89645385742188,106.74315643310547,237.2967071533203,82.2917251586914
2022-09-19,151.65032958984375,102.16409301757812,107.7278060913086,237.08335876464844,82.28291320800781
2022-09-20,154.02603149414062,100.25105285644531,105.603515625,235.07632446289062,81.61192321777344
2022-09-21,150.90426635742188,98.40740203857422,102.55840301513672,231.68276977539062,80.29643249511719
2022-09-22,149.94219970703125,99.25984954833984,101.39141082763672,233.65101623535156,79.96096801757812
2022-09-23,147.67453002929688,97.87213897705078,99.50416564941406,230.68408203125,75.70556640625
2022-09-26,148.00828552246094,97.30716705322266,97.36163330078125,230.22837829589844,74.14289093017578
2022-09-27,148.9801483154297,96.6430435180664,96.50464630126953,229.2200164794922,75.69674682617188
2022-09-28,147.09530639648438,99.17063903808594,98.45569610595703,233.73834228515625,78.4512710571289
2022-09-29,139.87013244628906,96.56375122070312,96.78727722167969,230.27685546875,78.2923355102539
2022-09-30,135.66851806640625,94.80931091308594,95.2738265991211,225.8167724609375,77.08283233642578
2022-10-03,139.84066772460938,97.77301788330078,98.21867370605469,233.4183349609375,81.15283966064453
2022-10-04,143.423828125,100.74665069580078,102.81368255615234,241.31077575683594,84.11043548583984
2022-10-05,143.71832275390625,100.53849792480469,101.54426574707031,241.62103271484375,87.50946044921875
2022-10-06,142.76608276367188,100.52859497070312,99.47455596923828,239.28433227539062,90.10507202148438
2022-10-07,137.52391052246094,97.81266784667969,97.4876480102539,227.11602783203125,89.19570922851562
2022-10-10,137.84786987304688,96.9998779296875,96.57697296142578,222.2777862548828,87.26225280761719
2022-10-11,136.4342498779297,96.32585906982422,93.78977966308594,218.5545654296875,86.5206527709961
2022-10-12,135.8059539794922,96.70250701904297,95.30756378173828,218.8842315673828,86.9002914428711
2022-10-13,140.37078857421875,98.1893310546875,100.60601043701172,227.11602783203125,89.93733978271484
2022-10-14,135.84524536132812,95.71131134033203,102.28018188476562,221.6087646484375,87.57127380371094
2022-10-17,139.80142211914062,99.09133911132812,106.57594299316406,230.30596923828125,88.8337631225586
2022-10-18,141.1168670654297,99.88428497314453,109.31714630126953,231.24647521972656,88.99267578125
2022-10-19,141.22488403320312,98.75431823730469,107.17385864257812,229.28790283203125,91.63241577148438
2022-10-20,140.7634735107422,99.09133911132812,106.82429504394531,228.9678955078125,91.75603485107422
2022-10-21,144.57241821289062,100.24113464355469,112.43550109863281,234.75634765625,93.4599609375
2022-10-24,146.7124786376953,101.61891174316406,112.57347869873047,239.73036193847656,94.11326599121094
2022-10-25,149.54953002929688,103.56170654296875,112.86783599853516,243.03665161132812,93.47760009765625
2022-10-26,146.61428833007812,94.09564208984375,114.16486358642578,224.28480529785156,94.59002685546875
2022-10-27,142.14761352539062,91.4094467163086,114.61559295654297,219.8538055419922,94.9520034790039
2022-10-28,152.88723754882812,95.44367218017578,115.97699737548828,228.6964874267578,97.7330322265625
2022-10-31,150.5312042236328,93.67933654785156,115.79302215576172,225.0701904296875,97.83013916015625
2022-11-01,147.89048767089844,89.6748275756836,117.8811264038086,221.23060607910156,98.80130004882812
2022-11-02,142.3734588623047,86.20560455322266,116.79568481445312,213.40606689453125,96.77069091796875
2022-11-03,136.33607482910156,82.69671630859375,117.00725555419922,207.73399353027344,98.0861587524414
2022-11-04,136.07057189941406,85.81902313232422,120.20838928222656,214.65684509277344,99.1544418334961
2022-11-07,136.60154724121094,87.71222686767578,120.84313201904297,220.9397735595703,100.32865142822266
2022-11-08,137.171875,88.1186294555664,120.91668701171875,221.9093475341797,100.64647674560547
2022-11-09,132.6191864013672,86.5525131225586,119.3437271118164,217.68197631835938,96.14385986328125
2022-11-10,144.4188995361328,93.11434173583984,124.25581359863281,235.59019470214844,97.55644989013672
2022-11-11,147.20166015625,95.5626220703125,124.45819854736328,239.5946044921875,100.60233306884766
2022-11-14,145.8053741455078,94.85885620117188,123.17959594726562,234.20370483398438,100.89602661132812
2022-11-15,147.53598022460938,97.57479095458984,122.28730773925781,234.61093139648438,101.57239532470703
2022-11-16,146.30685424804688,97.9811782836914,122.45287322998047,235.0387420654297,100.48664855957031
2022-11-17,148.20465087890625,97.49549865722656,121.91931915283203,234.99008178710938,100.62012481689453
2022-11-18,148.76513671875,96.57366180419922,123.11518096923828,234.54287719726562,99.7479476928711
2022-11-21,145.53985595703125,94.75975799560547,122.38846588134766,235.34988403320312,98.76007843017578
2022-11-22,147.6736602783203,96.1969985961914,124.21902465820312,238.24740600585938,101.61689758300781
2022-11-23,148.54879760742188,97.5946044921875,125.54362487792969,240.72679138183594,101.10960388183594
2022-11-25,145.63821411132812,96.6033935546875,125.78278350830078,240.63931274414062,100.75361633300781
2022-11-28,141.81312561035156,95.20578002929688,123.58432006835938,235.06788635253906,97.72770690917969
2022-11-29,138.81402587890625,94.35335540771484,125.61721801757812,233.677490234375,98.37739562988281
2022-11-30,145.5595245361328,100.10237121582031,127.10738372802734,248.07754516601562,99.0893783569336
2022-12-01,145.83486938476562,100.10237121582031,125.32286834716797,247.63998413085938,98.60879516601562
2022-12-02,145.3431854248047,99.55719757080078,124.32939910888672,247.9608917236328,97.77222442626953
2022-12-05,144.18292236328125,98.60563659667969,120.84313201904297,243.27430725097656,95.0934066772461
2022-12-06,140.52499389648438,96.12760925292969,121.04546356201172,238.3348846435547,92.4501953125
2022-12-07,138.58786010742188,94.10553741455078,120.96267700195312,237.60565185546875,92.24549865722656
2022-12-08,140.269287109375,92.88636016845703,122.23210906982422,240.5518035888672,92.93077087402344
2022-12-09,139.7875213623047,92.01408386230469,121.5698013305664,238.62660217285156,92.1476058959961
2022-12-12,142.07859802246094,92.4898681640625,123.45552062988281,245.52032470703125,94.41702270507812
2022-12-13,143.04226684570312,94.78946685791016,123.33592987060547,249.8083038330078,95.44940948486328
2022-12-14,140.82000732421875,94.23441314697266,122.71965026855469,250.09994506835938,94.74632263183594
2022-12-15,134.22195434570312,90.06140899658203,119.67488098144531,242.11721801757812,93.83855438232422
2022-12-16,132.26513671875,89.46669006347656,118.92977142333984,237.9167938232422,93.17996215820312
2022-12-19,130.16087341308594,87.66267395019531,119.6380615234375,233.79412841796875,93.59825897216797
2022-12-20,130.092041015625,88.23756408691406,120.21759033203125,235.10682678222656,94.95101165771484
2022-12-21,133.1894989013672,88.79266357421875,121.5698013305664,237.66403198242188,96.17028045654297
2022-12-22,130.0232391357422,86.98865509033203,120.18998718261719,231.5967559814453,94.23011779785156
2022-12-23,129.659423828125,88.44573974609375,120.76029968261719,232.12176513671875,96.72205352783203
2022-12-27,127.85993957519531,86.62188720703125,121.18346405029297,230.40078735351562,98.06591033935547
2022-12-28,123.93653106689453,85.26394653320312,121.84577178955078,228.0380401611328,96.45506286621094
2022-12-29,127.44696044921875,87.67256927490234,122.54486846923828,234.33868408203125,97.18482971191406
2022-12-30,127.76158905029297,87.45452880859375,123.35436248779297,233.18161010742188,98.16380310058594
2023-01-03,122.98271942138672,88.3366928100586,124.29261016845703,232.94825744628906,94.79080963134766
2023-01-04,124.25118255615234,87.30584716796875,125.45166778564453,222.7583465576172,95.06671142578125
2023-01-05,122.93355560302734,85.4423599243164,125.42386627197266,216.1562957763672,97.19374084472656
2023-01-06,127.45677185058594,86.57233428955078,127.82388305664062,218.7037811279297,98.3685073852539
2023-01-09,127.97796630859375,87.24637603759766,127.29566192626953,220.83319091796875,96.53515625
2023-01-10,128.54824829101562,87.64285278320312,128.43548583984375,222.51527404785156,97.9769058227539
2023-01-11,131.26220703125,90.71560668945312,129.3899383544922,229.2437286376953,99.1160888671875
2023-01-12,131.1835479736328,90.32902526855469,129.26023864746094,231.9078826904297,100.76251220703125
2023-01-13,132.51101684570312,91.31031799316406,132.5220489501953,232.6079559326172,100.7002182006836
2023-01-17,133.67129516601562,90.48763275146484,130.47415161132812,233.69696044921875,100.50443267822266
2023-01-18,132.95346069335938,90.31912994384766,126.55438995361328,229.28260803222656,98.439697265625
2023-01-19,133.01251220703125,92.2321548461914,124.86785125732422,225.51002502441406,99.07157135009766
2023-01-20,135.56910705566406,97.15846252441406,125.17364501953125,233.57057189941406,100.87822723388672
2023-01-23,138.75503540039062,98.91291809082031,127.20304107666016,235.86521911621094,100.35314178466797
2023-01-24,140.1513214111328,96.84127807617188,128.2965087890625,235.34017944335938,101.28759002685547
2023-01-25,139.49252319335938,94.3830795288086,128.91734313964844,233.9497528076172,100.75361633300781
2023-01-26,141.5574493408203,96.66285705566406,129.7142791748047,241.1351776123047,104.80299377441406
2023-01-27,143.4945831298828,98.49659729003906,130.02938842773438,241.29075622558594,102.88955688476562
2023-01-30,140.61346435546875,96.08797454833984,128.9266357421875,235.9916229248047,101.06510925292969
2023-01-31,141.88192749023438,97.97126007080078,129.6957550048828,240.95045471191406,103.24554443359375
2023-02-01,143.00291442871094,99.54727935791016,129.35289001464844,245.7537078857422,102.11528015136719
2023-02-02,148.30294799804688,106.79305267333984,128.75059509277344,257.27569580078125,98.92025756835938
2023-02-03,151.92156982421875,103.85906219482422,130.74288940429688,251.19866943359375,99.60554504394531
2023-02-06,149.19776916503906,101.99557495117188,131.51199340820312,249.66238403320312,99.43646240234375
2023-02-07,152.06907653808594,106.69393157958984,133.11514282226562,260.15374755859375,102.27548217773438
2023-02-08,149.38461303710938,98.49659729003906,132.1792449951172,259.3466796875,101.385498046875
2023-02-09,148.35214233398438,94.17493438720703,130.12203979492188,256.32281494140625,101.76818084716797
2023-02-10,148.7165069580078,93.73880767822266,130.696533203125,255.81719970703125,106.05784606933594
2023-02-13,151.5133819580078,93.77845001220703,132.11436462402344,263.80963134765625,105.64530181884766
2023-02-14,150.8732452392578,93.84782409667969,132.69815063476562,264.6361083984375,104.40770721435547
2023-02-15,152.9709014892578,96.08797454833984,133.254150390625,262.52093505859375,104.09381866455078
2023-02-16,151.37551879882812,94.6705322265625,131.4193572998047,255.53195190429688,103.78890228271484
2023-02-17,150.23312377929688,93.52072143554688,131.80853271484375,251.54518127441406,99.79804229736328
2023-02-21,146.22496032714844,90.98323059082031,129.3899383544922,246.291259765625,99.69939422607422
2023-02-22,146.6484375,90.8444595336914,128.39840698242188,245.1605682373047,98.40798950195312
2023-02-23,147.1309814453125,90.09114074707031,129.42701721191406,248.33827209472656,99.31375885009766
2023-02-24,144.4818572998047,88.34661865234375,130.5946044921875,242.92835998535156,99.3227310180664
2023-02-27,145.67344665527344,89.08010864257812,131.7344207763672,243.84461975097656,99.14335632324219
2023-02-28,145.1711883544922,89.2684326171875,132.83714294433594,243.12332153320312,98.56939697265625
2023-03-01,143.10308837890625,89.56580352783203,132.09580993652344,240.05282592773438,99.44828033447266
2023-03-02,143.69395446777344,91.19136810302734,130.724365234375,244.77066040039062,99.90565490722656
2023-03-03,148.7362518310547,92.8268814086914,133.1244354248047,248.84512329101562,101.17017364501953
2023-03-06,151.49368286132812,94.29387664794922,132.34600830078125,250.38525390625,102.0669937133789
2023-03-07,149.2975616455078,93.03504943847656,128.4540252685547,247.73387145996094,100.093994140625
2023-03-08,150.5482635498047,93.42161560058594,127.69416809082031,247.29527282714844,98.63218688964844
2023-03-09,148.30288696289062,91.50857543945312,120.78124237060547,245.9501190185547,97.8698959350586
2023-03-10,146.24465942382812,89.83341979980469,123.84849548339844,242.31427001953125,96.65917205810547
2023-03-13,148.1847381591797,90.30921173095703,121.62452697753906,247.50975036621094,95.54712677001953
2023-03-14,150.2725372314453,93.1440658569336,124.74736785888672,254.20628356933594,95.90585327148438
2023-03-15,150.6664581298828,95.2652587890625,118.85379028320312,258.73883056640625,91.13478088378906
2023-03-16,153.4830322265625,99.4382553100586,121.16120910644531,269.2272644042969,90.60564422607422
2023-03-17,152.64593505859375,100.72683715820312,116.58348083496094,272.3756408691406,89.53842163085938
2023-03-20,155.0094757080078,100.33035278320312,117.8159408569336,265.357421875,91.8791275024414
2023-03-21,156.8609161376953,103.9978256225586,120.97587585449219,266.8683166503906,95.99552154541016
2023-03-22,155.43295288085938,102.46145629882812,117.85299682617188,265.41595458984375,93.79833221435547
2023-03-23,156.51622009277344,104.67184448242188,117.53792572021484,270.650390625,92.74007415771484
2023-03-24,157.81617736816406,104.51325988769531,115.7494888305664,273.4869689941406,92.84770965576172
2023-03-27,155.8761444091797,101.55944061279297,119.06693267822266,269.4027404785156,94.88347625732422
2023-03-28,155.2556915283203,100.14199829101562,119.42832946777344,268.2817687988281,96.06729125976562
2023-03-29,158.3283233642578,100.49885559082031,119.66925811767578,273.4284362792969,97.7174301147461
2023-03-30,159.8941192626953,100.00324249267578,119.30786895751953,276.87908935546875,98.19274139404297
2023-03-31,162.3955535888672,102.81829071044922,120.75344848632812,281.0217590332031,98.34520721435547
2023-04-03,163.6462860107422,103.44275665283203,120.61445617675781,279.9787902832031,104.14761352539062
2023-04-04,163.11447143554688,103.79959869384766,119.00206756591797,279.9300537109375,103.15215301513672
2023-04-05,161.27288818359375,103.55177307128906,119.17949676513672,277.1617431640625,104.91886138916016
2023-04-06,162.15921020507812,107.4670639038086,119.04877471923828,284.23846435546875,103.17904663085938
2023-04-10,159.5691680908203,105.50446319580078,119.4410171508789,282.08428955078125,102.72167205810547
2023-04-11,158.3578338623047,104.42406463623047,120.0293960571289,275.6898498535156,103.44810485839844
2023-04-12,157.66848754882812,103.72029876708984,120.01069641113281,276.3332214355469,103.34046936035156
2023-04-13,163.0455322265625,106.48576354980469,120.46834564208984,282.52288818359375,103.82477569580078
2023-04-14,162.7008819580078,107.91311645507812,129.5648956298828,278.916259765625,104.07588195800781
2023-04-17,162.72055053710938,105.0385971069336,130.5922088623047,281.5091247558594,102.86516571044922
2023-04-18,163.94174194335938,103.58152770996094,132.05848693847656,281.08990478515625,104.87405395507812
2023-04-19,165.08412170410156,103.26434326171875,131.89039611816406,281.1679992675781,104.54222106933594
2023-04-20,164.1189727783203,104.36457824707031,131.50746154785156,278.88702392578125,103.70818328857422
2023-04-21,162.51377868652344,104.48352813720703,131.25527954101562,278.5458679199219,104.0400161743164
2023-04-24,162.8190155029297,105.0385971069336,131.4327392578125,274.65655517578125,106.0040283203125
2023-04-25,161.2827606201172,102.9372329711914,128.5749053955078,268.46697998046875,104.49737548828125
2023-04-26,161.27288818359375,102.7984619140625,126.29608154296875,287.91326904296875,103.53778839111328
2023-04-27,165.85226440429688,106.64435577392578,127.99584197998047,297.13446044921875,104.775390625
2023-04-28,167.10299682617188,106.39656829833984,129.1072540283203,299.5032043457031,106.12958526611328
2023-05-01,167.0143280029297,106.25779724121094,131.8717041015625,297.8460388183594,102.83826446533203
2023-05-02,165.98025512695312,104.39431762695312,129.74232482910156,297.69976806640625,98.73979949951172
2023-05-03,164.90684509277344,104.48352813720703,126.99653625488281,296.7153015136719,96.793701171875
2023-05-04,163.27203369140625,103.76983642578125,125.25942993164062,297.69976806640625,95.09871673583984
2023-05-05,170.93389892578125,104.6421127319336,127.70635223388672,302.8075256347656,97.46632385253906
2023-05-08,170.8649444580078,106.82276916503906,128.0145263671875,300.8580322265625,97.8519515991211
2023-05-09,169.16123962402344,106.40646362304688,127.39813995361328,299.24969482421875,97.87884521484375
2023-05-10,170.92404174804688,110.76779174804688,127.4635238647461,304.4256286621094,96.62330627441406
2023-05-11,171.11117553710938,115.5454330444336,127.06192016601562,302.2811584472656,94.87451171875
2023-05-12,170.1841583251953,116.4771728515625,125.24076843261719,301.1699523925781,94.86553192138672
2023-05-15,169.69105529785156,115.4859619140625,126.29608154296875,301.64752197265625,95.04645538330078
2023-05-16,169.69105529785156,118.4595947265625,125.44621276855469,303.8700256347656,92.73973083496094
2023-05-17,170.302490234375,119.77790832519531,129.3033905029297,306.7420654296875,94.82029724121094
2023-05-18,172.6298828125,121.75041961669922,130.28399658203125,311.15753173828125,95.67967987060547
2023-05-19,172.7383575439453,121.6810302734375,129.98513793945312,310.9817810058594,96.12293243408203
2023-05-22,171.79161071777344,123.9509048461914,128.9111328125,313.7560729980469,94.95600891113281
2023-05-23,169.18809509277344,121.4827880859375,127.56624603271484,307.97296142578125,96.24958038330078
2023-05-24,169.46424865722656,119.83738708496094,126.39883422851562,306.59552001953125,97.32604217529297
2023-05-25,170.59835815429688,122.39469909667969,126.70701599121094,318.3865966796875,95.58016204833984
2023-05-26,173.00462341308594,123.51475524902344,127.89315032958984,325.1954345703125,94.95600891113281
2023-05-30,174.84877014160156,122.5830078125,128.37876892089844,323.55426025390625,94.11473083496094
2023-05-31,174.7994384765625,121.79006958007812,126.7444076538086,320.7994689941406,92.43217468261719
2023-06-01,177.6001739501953,122.6325912475586,128.49085998535156,324.8924865722656,93.49958801269531
2023-06-02,178.44830322265625,123.5742416381836,131.18992614746094,327.6474609375,95.6706314086914
2023-06-05,177.09725952148438,124.90245819091797,129.9010772705078,328.17486572265625,95.2454833984375
2023-06-06,176.7323455810547,126.19103240966797,130.1345977783203,325.9671630859375,96.0234375
2023-06-07,175.361572265625,121.42330932617188,131.3953857421875,315.90521240234375,98.1763687133789
2023-06-08,178.0735321044922,121.06647491455078,131.4327392578125,317.7417907714844,97.86881256103516
2023-06-09,178.4581756591797,121.15568542480469,131.6942138671875,319.2364807128906,97.14513397216797
2023-06-12,181.24899291992188,122.55329895019531,131.68490600585938,324.1794738769531,96.26766204833984
2023-06-13,180.77565002441406,122.74163055419922,132.6375274658203,326.5630187988281,96.28575897216797
2023-06-14,181.4068145751953,122.5830078125,132.14254760742188,329.5426025390625,95.12786102294922
2023-06-15,183.4383544921875,123.99053192138672,133.63682556152344,340.0538330078125,95.7882308959961
2023-06-16,182.36341857910156,122.44425964355469,133.7956085205078,334.41717529296875,95.10072326660156
2023-06-20,182.4521484375,122.01803588867188,133.11383056640625,330.23614501953125,92.92063903808594
2023-06-21,181.4166717529297,119.4904556274414,132.917724609375,325.8498840332031,93.9609375
2023-06-22,184.4146270751953,122.06761169433594,130.35870361328125,331.8577880859375,93.44532775878906
2023-06-23,184.0990753173828,121.26470947265625,129.67694091796875,327.2762451171875,92.63117218017578
2023-06-26,182.7085723876953,117.29987335205078,129.99449157714844,321.004638671875,94.34088134765625
2023-06-27,185.45999145507812,117.28996276855469,130.0038299560547,326.83660888671875,94.57606506347656
2023-06-28,186.63352966308594,119.12371063232422,129.4341278076172,328.0870361328125,95.34498596191406
2023-06-29,186.96884155273438,118.05318450927734,133.95433044433594,327.3055114746094,96.52095031738281
2023-06-30,191.28829956054688,118.6479263305664,135.83157348632812,332.66864013671875,97.01848602294922
2023-07-03,189.79916381835938,118.84617614746094,136.92430114746094,330.177490234375,97.20845794677734
2023-07-05,188.684814453125,120.67990112304688,136.01211547851562,330.33392333984375,96.71092987060547
2023-07-06,189.1581573486328,119.05431365966797,134.66746520996094,333.3817138671875,93.1015625
2023-07-07,188.04376220703125,118.42985534667969,135.73004150390625,329.42535400390625,93.31867980957031
2023-07-10,186.00238037109375,115.42649841308594,136.49171447753906,324.159912109375,94.70272064208984
2023-07-11,185.47970581054688,116.11042785644531,138.62631225585938,324.7851867675781,95.860595703125
2023-07-12,187.14634704589844,117.88468170166016,139.312744140625,329.4057922363281,96.33100128173828
2023-07-13,187.9057159423828,123.44538116455078,139.98980712890625,334.7395935058594,94.5670166015625
2023-07-14,188.0536346435547,124.31764221191406,140.83616638183594,337.2599182128906,91.3104476928711
2023-07-17,191.3080291748047,123.55441284179688,144.23081970214844,337.7386474609375,91.70848083496094
2023-07-18,191.05160522460938,122.6722412109375,144.4940948486328,351.18060302734375,91.2923583984375
2023-07-19,192.40267944335938,120.95744323730469,145.04891967773438,346.87249755859375,91.92559814453125
2023-07-20,190.4599151611328,118.15231323242188,146.83555603027344,338.852294921875,93.5448226928711
2023-07-21,189.286376953125,118.9651107788086,145.70713806152344,335.8239440917969,93.9790267944336
2023-07-24,190.0851593017578,120.46184539794922,148.57521057128906,337.1329345703125,95.45352172851562
2023-07-25,190.94313049316406,121.1358642578125,147.4656219482422,342.8673095703125,95.59825897216797
2023-07-26,191.81100463867188,128.13381958007812,148.34951782226562,329.96258544921875,95.0645523071289
2023-07-27,190.5486602783203,128.2626495361328,146.7133331298828,323.0755920410156,95.3630599975586
2023-07-28,193.1226043701172,131.41470336914062,147.5502166748047,330.54876708984375,94.2232666015625
2023-07-31,193.73399353027344,131.55349731445312,148.53761291503906,328.1554870605469,97.00942993164062
2023-08-01,192.90557861328125,130.39376831054688,147.80410766601562,328.565673828125,96.44859313964844
2023-08-02,189.91751098632812,127.25163269042969,146.13031005859375,319.92999267578125,95.2454833984375
2023-08-03,188.5269775390625,127.32101440429688,147.02365112304688,319.10943603515625,96.90089416503906
2023-08-04,179.4739227294922,126.98400115966797,146.7133331298828,320.20355224609375,97.17227172851562
2023-08-07,176.37733459472656,130.37391662597656,147.40919494628906,322.47967529296875,96.97325134277344
2023-08-08,177.314208984375,130.24505615234375,146.5816650390625,318.5135192871094,97.45269012451172
2023-08-09,175.72645568847656,128.52040100097656,144.6163330078125,314.7818908691406,99.10810852050781
2023-08-10,175.50949096679688,128.5501251220703,144.40005493164062,315.46563720703125,99.61468505859375
2023-08-11,175.56875610351562,128.42127990722656,145.2369842529297,313.5899963378906,101.16156005859375
2023-08-14,177.21788024902344,130.1757049560547,145.5378875732422,316.5500183105469,101.24297332763672
2023-08-15,175.2329864501953,128.63934326171875,141.83291625976562,314.42034912109375,98.64373779296875
2023-08-16,174.36398315429688,127.56881713867188,141.2310791015625,313.6567687988281,96.98384857177734
2023-08-17,171.82611083984375,128.77810668945312,139.76414489746094,310.2109069824219,98.86260986328125
2023-08-18,172.3099822998047,126.33971405029297,140.08387756347656,309.8193054199219,100.35831451416016
2023-08-21,173.64312744140625,127.24169921875,140.5634307861328,315.1056823730469,99.14533996582031
2023-08-22,175.0157470703125,127.94548034667969,137.6483612060547,315.6734924316406,98.58900451660156
2023-08-23,178.85714721679688,131.20655822753906,138.5792694091797,320.117919921875,97.72260284423828
2023-08-24,174.17636108398438,128.63934326171875,138.44766235351562,313.2358703613281,96.99297332763672
2023-08-25,176.37852478027344,128.7384490966797,138.27838134765625,316.1825256347656,98.7258071899414
2023-08-28,177.9387664794922,129.85850524902344,138.75794982910156,316.8874206542969,99.55574035644531
2023-08-29,181.81964111328125,133.38720703125,139.88638305664062,321.49822998046875,100.1485366821289
2023-08-30,185.30555725097656,134.6857147216797,139.3221435546875,321.87017822265625,101.1244125366211
2023-08-31,185.52279663085938,134.9731903076172,137.60134887695312,320.8619079589844,101.40714263916016
2023-09-01,187.0929718017578,134.4676513671875,138.06210327148438,321.74298095703125,103.5321273803711
2023-09-05,187.32994079589844,134.57667541503906,136.53872680664062,326.5300598144531,103.54124450683594
2023-09-06,180.62478637695312,133.27821350097656,136.3130645751953,325.8741760253906,104.43502044677734
2023-09-07,175.3416290283203,134.0711669921875,135.1470184326172,322.9666748046875,103.92430114746094
2023-09-08,175.95388793945312,135.1813201904297,135.25048828125,327.2348937988281,105.43826293945312
2023-09-11,177.11912536621094,135.71658325195312,135.84288024902344,330.82763671875,104.1158447265625
2023-09-12,174.09735107421875,134.1504669189453,137.61074829101562,324.7874755859375,107.15283966064453
2023-09-13,172.03346252441406,135.50843811035156,137.67657470703125,328.9871826171875,106.19522094726562
2023-09-14,173.5443572998047,136.88623046875,140.34715270996094,331.57171630859375,108.09220886230469
2023-09-15,172.82347106933594,136.19236755371094,139.93338012695312,323.2701721191406,106.4323501586914
2023-09-18,175.7465057373047,136.9952392578125,140.22491455078125,322.1345520019531,107.28964233398438
2023-09-19,176.83274841308594,136.82672119140625,140.04623413085938,321.7331848144531,107.00691223144531
2023-09-20,173.29750061035156,132.56451416015625,139.4538116455078,314.01904296875,106.15873718261719
2023-09-21,171.7569580078125,129.29351806640625,138.363037109375,312.80511474609375,104.66304779052734
2023-09-22,172.60623168945312,129.1051788330078,137.03713989257812,310.3381652832031,104.82720947265625
2023-09-25,173.880126953125,129.95762634277344,137.7141571044922,310.8569641113281,106.00370025634766
2023-09-26,169.81158447265625,127.43997192382812,136.28485107421875,305.5706787109375,106.1678695678711
2023-09-27,168.3007049560547,129.3926544189453,137.0841522216797,306.20697021484375,109.62440490722656
2023-09-28,168.55747985839844,131.1470947265625,138.7861785888672,307.03912353515625,108.9586410522461
2023-09-29,169.0709686279297,129.7098388671875,136.3695068359375,309.10467529296875,107.23492431640625
2023-10-02,171.57923889160156,132.99073791503906,135.1940155029297,315.0273132324219,105.45648956298828
2023-10-03,170.24607849121094,131.26602172851562,134.19728088378906,306.7943420410156,105.63890075683594
2023-10-04,171.49034118652344,134.0513458251953,134.79908752441406,312.2471008300781,101.68985748291016
2023-10-05,172.72471618652344,133.88282775878906,135.36746215820312,312.6386413574219,99.40070343017578
2023-10-06,175.27252197265625,136.37075805664062,137.4514923095703,320.3724365234375,97.74083709716797
2023-10-09,176.75376892089844,137.20338439941406,137.13890075683594,322.8785400390625,101.16089630126953
2023-10-10,176.16122436523438,136.84654235839844,137.97250366210938,321.4786682128906,100.73223876953125
2023-10-11,177.5536346435547,139.3146514892578,138.44615173339844,325.423828125,97.12065887451172
2023-10-12,178.45230102539062,137.74856567382812,138.1240692138672,324.1904296875,97.10240936279297
2023-10-13,176.61550903320312,136.15269470214844,140.19862365722656,320.8325500488281,100.20327758789062
2023-10-16,176.4871368408203,137.87741088867188,140.05657958984375,325.63916015625,100.27622985839844
2023-10-17,174.93675231933594,138.49195861816406,139.75341796875,325.0714111328125,101.58953857421875
2023-10-18,173.64312744140625,136.74745178222656,138.21884155273438,323.16241455078125,103.01229095458984
2023-10-19,173.26785278320312,136.5392608642578,137.63145446777344,324.3469543457031,103.07614135742188
2023-10-20,170.7200927734375,134.40817260742188,135.41485595703125,319.7948303222656,101.30682373046875
2023-10-23,170.83859252929688,135.30026245117188,133.56761169433594,322.3890686035156,99.82022857666016
2023-10-24,171.27310180664062,137.58993530273438,133.7286834716797,323.5736083984375,98.85348510742188
2023-10-25,168.9623260498047,124.50597381591797,132.99923706054688,333.5002136230469,99.035888671875
2023-10-26,164.80494689941406,121.20524597167969,133.3402557373047,320.98919677734375,98.13300323486328
2023-10-27,166.11830139160156,121.0962142944336,128.53753662109375,322.8687744140625,96.26337432861328
2023-10-30,168.16244506835938,123.3660888671875,130.1763458251953,330.2109375,96.5643310546875
2023-10-31,168.63645935058594,122.98942565917969,131.72987365722656,330.9940490722656,96.53695678710938
2023-11-01,171.7964630126953,125.33860778808594,131.61624145507812,338.7865295410156,96.34545135498047
2023-11-02,175.3515167236328,126.36945343017578,133.9654998779297,340.9892272949219,99.5101547241211
2023-11-03,174.44296264648438,127.96532440185547,135.46221923828125,345.3748474121094,98.29715728759766
2023-11-06,176.9907684326172,129.1051788330078,136.48526000976562,349.02642822265625,96.55521392822266
2023-11-07,179.54843139648438,129.81886291503906,136.41896057128906,352.9422302246094,95.041259765625
2023-11-08,180.60504150390625,130.68121337890625,137.09152221679688,355.55609130859375,93.8738784790039
2023-11-09,180.13099670410156,129.09527587890625,136.68418884277344,353.098876953125,93.90123748779297
2023-11-10,184.3136749267578,131.42462158203125,138.7113800048828,361.889892578125,94.62173461914062
2023-11-13,182.7316131591797,130.9290313720703,138.0956573486328,358.96282958984375,95.61583709716797
2023-11-14,185.34207153320312,132.44557189941406,140.615478515625,362.4772033691406,95.9839859008789
2023-11-15,185.90565490722656,133.43678283691406,141.846923828125,362.6243896484375,95.40415954589844
2023-11-16,187.5866241455078,135.72647094726562,143.46676635742188,369.00048828125,94.29971313476562
2023-11-17,187.56686401367188,134.12069702148438,144.7645721435547,362.80096435546875,96.6006088256836
2023-11-20,189.30714416503906,135.05247497558594,145.2097930908203,370.24627685546875,96.17724609375
2023-11-21,188.50621032714844,135.76614379882812,144.90664672851562,365.9595947265625,96.14043426513672
2023-11-22,189.16873168945312,137.2727813720703,145.24769592285156,370.64849853515625,95.72628021240234
2023-11-24,187.84373474121094,135.4886016845703,145.4466094970703,370.2364807128906,96.24166870117188
2023-11-27,187.6657257080078,135.2110595703125,145.11505126953125,371.3939514160156,95.68025970458984
2023-11-28,188.26889038085938,135.99412536621094,145.4466094970703,375.4060363769531,95.62503814697266
2023-11-29,187.25045776367188,133.8035430908203,146.1855010986328,371.6294250488281,94.18927001953125
2023-11-30,187.82394409179688,131.3651580810547,147.85272216796875,371.6882629394531,94.55741882324219
2023-12-01,189.09951782226562,130.70103454589844,148.57266235351562,367.3721008300781,94.78752136230469
2023-12-04,187.30975341796875,128.13381958007812,149.6620330810547,362.1044921875,94.2721176147461
2023-12-05,191.25509643554688,129.83868408203125,149.6431121826172,365.4200439453125,92.44060516357422
2023-12-06,190.16741943359375,128.8772430419922,148.0706024169922,361.77093505859375,91.21653747558594
2023-12-07,192.09561157226562,135.72647094726562,148.52528381347656,363.8800354003906,90.58147430419922
2023-12-08,193.51950073242188,133.8035430908203,150.16412353515625,367.09747314453125,91.62149810791016
2023-12-11,191.0177764892578,132.1184539794922,150.7135467529297,364.2232666015625,91.6859130859375
2023-12-12,192.53067016601562,131.35523986816406,152.05868530273438,367.24462890625,90.24095153808594
2023-12-13,195.74432373046875,131.40481567382812,152.57022094726562,367.23480224609375,91.04165649414062
2023-12-14,195.8926239013672,130.7803497314453,155.3457794189453,358.9556579589844,93.48981475830078
2023-12-15,195.35867309570312,131.43455505371094,156.52041625976562,363.6641845703125,92.86396789550781
2023-12-18,193.69747924804688,134.60641479492188,157.4676971435547,365.5475769042969,93.55422973632812
2023-12-19,194.7357177734375,135.4489288330078,159.5706787109375,366.14593505859375,94.78752136230469
2023-12-20,192.64932250976562,137.1240692138672,157.77084350585938,363.5563049316406,93.20450592041016
2023-12-21,192.50099182128906,139.1858367919922,158.6707763671875,366.4206237792969,93.62788391113281
2023-12-22,191.43307495117188,140.2464141845703,158.57601928710938,367.4407653808594,93.79351806640625
2023-12-26,190.88926696777344,140.276123046875,159.5138397216797,367.5192565917969,94.00521087646484
2023-12-27,190.9881134033203,139.13624572753906,160.47059631347656,366.9405212402344,93.56343841552734
2023-12-28,191.41334533691406,138.9974822998047,161.3231658935547,368.1274719238281,92.21051025390625
2023-12-29,190.3750762939453,138.46221923828125,161.1337127685547,368.87298583984375,92.01724243164062
2024-01-02,183.56214904785156,136.95556640625,163.0093536376953,363.8014831542969,94.20768737792969
2024-01-03,182.187744140625,137.69898986816406,162.2988739013672,363.53668212890625,94.99919891357422
2024-01-04,179.87396240234375,135.19122314453125,163.37591552734375,360.9273681640625,94.1708755493164
2024-01-05,179.15206909179688,134.5370330810547,164.19561767578125,360.740966796875,94.4561996459961
2024-01-08,183.48306274414062,137.6197052001953,163.95729064941406,367.5487060546875,92.88237762451172
2024-01-09,183.06777954101562,139.71115112304688,162.66107177734375,368.6277160644531,91.73192596435547
2024-01-10,184.1060333251953,141.02944946289062,163.00418090820312,375.4747314453125,90.8299789428711
2024-01-11,183.51275634765625,140.83120727539062,162.3179473876953,377.29925537109375,90.81156921386719
2024-01-12,183.8390350341797,141.39620971679688,161.1265411376953,381.0660705566406,91.98963165283203
2024-01-16,181.57467651367188,141.23764038085938,160.1162109375,382.831787109375,89.90962982177734
2024-01-17,180.6352996826172,140.22657775878906,159.2583770751953,382.0469970703125,89.25617980957031
2024-01-18,186.5187225341797,142.2189178466797,159.5729217529297,386.3631286621094,89.09051513671875
2024-01-19,189.4159393310547,145.0934600830078,162.3274688720703,391.07171630859375,89.22855377197266
2024-01-22,191.7198486328125,144.70684814453125,162.1368408203125,388.9528503417969,89.10892486572266
2024-01-23,192.9954071044922,145.7476043701172,161.06935119628906,391.2972717285156,90.11210632324219
2024-01-24,192.32305908203125,147.39303588867188,162.508544921875,394.8875427246094,91.6675033569336
2024-01-25,191.99671936035156,150.53515625,164.83421325683594,397.1534729003906,93.99600982666016
2024-01-26,190.2663116455078,150.85235595703125,164.2051239013672,396.23138427734375,94.79670715332031
2024-01-29,189.5840301513672,152.16075134277344,164.63404846191406,401.91107177734375,94.91636657714844
2024-01-30,185.93531799316406,150.1287841796875,168.0081024169922,400.80255126953125,96.49937438964844
2024-01-31,182.3360595703125,138.86863708496094,166.1876220703125,390.0024108886719,94.62184143066406
2024-02-01,184.7685546875,139.9193115234375,165.58717346191406,396.08428955078125,94.23529815673828
2024-02-02,183.76983642578125,141.1285858154297,166.540283203125,403.3824768066406,93.84874725341797
2024-02-05,185.57936096191406,142.41717529296875,166.3210906982422,397.9185791015625,93.46220397949219
2024-02-06,187.18124389648438,142.8334503173828,166.89295959472656,397.76165771484375,94.10645294189453
2024-02-07,187.2899932861328,144.26080322265625,167.20748901367188,406.15850830078125,94.07882690429688
2024-02-08,186.2122039794922,144.6275634765625,166.60702514648438,406.21734619140625,95.6894760131836
2024-02-09,186.9745635986328,147.6903839111328,166.8071746826172,412.5346374511719,93.6646728515625
2024-02-12,185.29139709472656,146.23330688476562,167.5506134033203,407.3454895019531,94.95317077636719
2024-02-13,183.20236206054688,143.8643035888672,166.09231567382812,398.57586669921875,94.13572692871094
2024-02-14,182.3212127685547,144.6573028564453,167.7793731689453,402.42828369140625,93.67127990722656
2024-02-15,182.0341033935547,141.5151824951172,171.43936157226562,399.54876708984375,96.3558349609375
2024-02-16,180.4994659423828,139.28492736816406,170.6387481689453,397.0918884277344,96.3558349609375
2024-02-20,179.75694274902344,139.879638671875,171.3059539794922,395.8437805175781,95.44550323486328
2024-02-21,180.50941467285156,141.29708862304688,172.42111206054688,395.24432373046875,97.39620971679688
2024-02-22,182.53900146484375,142.8235321044922,174.48941040039062,404.5509948730469,97.3125991821289
2024-02-23,180.70742797851562,142.69471740722656,175.36630249023438,403.26361083984375,96.45800018310547
2024-02-26,179.36093139648438,136.36087036132812,174.76580810546875,400.5118713378906,96.83885955810547
2024-02-27,180.81634521484375,137.65933227539062,174.8515625,400.45294189453125,96.6344985961914
2024-02-28,179.61831665039062,135.1813201904297,175.73800659179688,400.6887512207031,96.90389251708984
2024-02-29,178.9549560546875,137.2430419921875,177.33926391601562,406.5066833496094,97.08966827392578
2024-03-01,177.8758087158203,135.93463134765625,176.6053466796875,408.3346252441406,98.31584167480469
2024-03-04,173.361083984375,132.17796325683594,177.93019104003906,407.7646484375,96.94103240966797
2024-03-05,168.4305419921875,131.50392150878906,179.7125244140625,395.7061767578125,98.13005065917969
2024-03-06,167.44046020507812,130.24505615234375,180.64662170410156,395.1558837890625,99.1797103881836
2024-03-07,167.32167053222656,133.19888305664062,179.06442260742188,402.0843505859375,99.737060546875
2024-03-08,169.03448486328125,134.21983337402344,179.39804077148438,399.2146301269531,100.67524719238281
2024-03-11,171.03443908691406,136.4599609375,179.46473693847656,397.5439758300781,101.26976776123047
2024-03-12,171.5096435546875,137.2826690673828,180.94207763671875,408.118408203125,100.61952209472656
2024-03-13,169.43052673339844,138.5613555908203,182.409912109375,407.94146728515625,101.7435073852539
2024-03-14,171.28195190429688,141.84225463867188,179.15972900390625,417.8869934082031,103.54560089111328
2024-03-15,170.90573120117188,139.9391326904297,181.3805389404297,409.2387390136719,103.35980987548828
2024-03-18,171.99478149414062,146.38197326660156,183.62991333007812,410.1231994628906,104.31659698486328
2024-03-19,174.3313751220703,145.7377166748047,184.70693969726562,414.14263916015625,105.05043029785156
2024-03-20,176.8956298828125,147.4326934814453,187.12791442871094,417.8968200683594,104.9575424194336
2024-03-21,169.66812133789062,146.30270385742188,189.72994995117188,421.9654541015625,105.42198944091797
2024-03-22,170.56907653808594,149.44485473632812,187.404296875,421.3462829589844,105.42198944091797
2024-03-25,169.1533203125,148.75100708007812,185.68870544433594,415.56768798828125,106.49952697753906
2024-03-26,168.02462768554688,149.34568786621094,186.55601501464844,414.3785400390625,105.7006607055664
2024-03-27,171.5888671875,149.54396057128906,190.16839599609375,414.1623229980469,106.79676818847656
2024-03-28,169.77703857421875,149.60342407226562,190.91183471679688,413.464599609375,107.97650146484375
2024-04-01,168.3414764404297,154.1233367919922,189.61557006835938,417.24822998046875,108.67317199707031
2024-04-02,167.1632537841797,153.20152282714844,189.53932189941406,414.17218017578125,110.8003921508789
2024-04-03,167.96522521972656,153.55836486816406,189.0055694580078,413.1993103027344,110.81895446777344
2024-04-04,167.14346313476562,149.20697021484375,187.5675048828125,410.6736145019531,111.2091064453125
2024-04-05,167.8959197998047,151.1596221923828,189.29318237304688,418.1817626953125,112.74180603027344
2024-04-08,166.7771453857422,153.48899841308594,190.28060913085938,417.26788330078125,111.9801025390625
2024-04-09,167.98500061035156,155.22361755371094,189.00555419921875,418.9286804199219,112.56531524658203
2024-04-10,166.11380004882812,154.7676544189453,187.39495849609375,415.9607849121094,113.51280212402344
2024-04-11,173.30166625976562,158.0089111328125,187.3566131591797,420.55023193359375,113.13195037841797
2024-04-12,174.7967071533203,156.3436737060547,175.23878479003906,414.624267578125,111.81290435791016
2024-04-15,170.9750213623047,153.4989013671875,175.33465576171875,406.5066833496094,111.17194366455078
2024-04-16,167.69790649414062,153.0429229736328,173.33099365234375,407.43048095703125,110.25232696533203
2024-04-17,166.33160400390625,154.10354614257812,172.64073181152344,404.73773193359375,110.19659423828125
2024-04-18,165.38111877441406,154.63880920410156,173.76239013671875,397.2983093261719,110.09440612792969
2024-04-19,163.36138916015625,152.73565673828125,178.12445068359375,392.2370910644531,111.35771942138672
2024-04-22,164.1930389404297,154.90640258789062,181.58531188964844,394.0453186035156,111.9893798828125
2024-04-23,165.24252319335938,156.8690185546875,184.20252990722656,400.5413818359375,112.42597961425781
2024-04-24,167.34146118164062,157.7313690185547,185.10369873046875,402.00567626953125,112.4445571899414
2024-04-25,168.2028350830078,154.6288604736328,185.38169860839844,392.1584777832031,112.70465087890625
2024-04-26,167.6186981201172,170.43869018554688,185.4967498779297,399.3128967285156,109.57421875
2024-04-29,171.7769775390625,164.68963623046875,185.29542541503906,395.3131408691406,111.13478088378906
2024-04-30,168.63844299316406,161.3492889404297,183.8190460205078,382.61590576171875,109.86217498779297
2024-05-01,167.6186981201172,162.41978454589844,183.93408203125,388.1291809082031,107.78141784667969
2024-05-02,171.3116455078125,165.15550231933594,183.7423553466797,390.9791564941406,107.97650146484375
2024-05-03,181.55886840820312,165.7700958251953,182.63986206054688,399.6470642089844,107.7535629272461
2024-05-06,179.9054718017578,166.62254333496094,184.06829833984375,406.408447265625,108.45023345947266
2024-05-07,180.58859252929688,169.74484252929688,183.82861328125,402.2808837890625,107.9114761352539
2024-05-08,180.92523193359375,167.8912811279297,187.5675048828125,403.4601745605469,107.89289855957031
2024-05-09,182.73704528808594,168.4661865234375,189.34109497070312,405.20947265625,110.02009582519531
2024-05-10,181.4779510498047,167.16766357421875,190.55865478515625,407.58770751953125,109.57421875
2024-05-13,184.68023681640625,167.65338134765625,190.520263671875,406.5852966308594,109.52777862548828
2024-05-14,185.8203125,168.84283447265625,193.18545532226562,409.3763122558594,110.19265747070312
2024-05-15,188.09063720703125,170.9937286376953,193.7606658935547,416.5338439941406,111.0448226928711
2024-05-16,188.20965576171875,172.64907836914062,194.1057891845703,414.4761657714844,110.37995147705078
2024-05-17,188.23939514160156,174.51254272460938,196.32994079589844,413.708251953125,112.03746795654297
2024-05-20,189.3993377685547,175.36500549316406,187.5004119873047,418.7588806152344,111.12911224365234
2024-05-21,190.69808959960938,176.28683471679688,191.2776641845703,422.401611328125,110.36122131347656
2024-05-22,189.2605438232422,174.82974243164062,190.11764526367188,423.85870361328125,108.14183044433594
2024-05-23,185.27505493164062,172.02462768554688,188.78506469726562,420.3931884765625,106.29700469970703
2024-05-24,188.3484344482422,173.45196533203125,192.4185028076172,423.5043029785156,106.21272277832031
2024-05-28,188.3583526611328,174.84957885742188,191.25848388671875,423.6618347167969,107.56121826171875
2024-05-29,188.65576171875,174.35394287109375,189.9259033203125,422.52960205078125,106.40937805175781
2024-05-30,189.64718627929688,170.5972900390625,191.09547424316406,408.2539978027344,106.74650573730469
2024-05-31,190.59893798828125,170.98385620117188,194.2591552734375,408.7068176269531,109.8087158203125
2024-06-03,192.36366271972656,171.64794921875,193.48263549804688,407.1217956542969,107.1772689819336
2024-06-04,192.68092346191406,172.2624969482422,190.93251037597656,409.63232421875,105.5103759765625
2024-06-05,194.18783569335938,173.8682861328125,189.1110076904297,417.449462890625,105.93179321289062
2024-06-06,192.80978393554688,175.17666625976562,188.7754669189453,417.9515686035156,106.727783203125
2024-06-07,195.1990966796875,172.92662048339844,191.68988037109375,417.29193115234375,105.5853042602539
2024-06-10,191.4614715576172,173.67086791992188,191.3639373779297,421.249755859375,105.89432525634766
2024-06-11,205.3709716796875,175.2685546875,186.33082580566406,425.9853210449219,105.04215240478516
2024-06-12,211.2401580810547,176.42959594726562,183.6177215576172,434.23565673828125,103.88095092773438
2024-06-13,212.40008544921875,173.81973266601562,185.6597442626953,434.7475891113281,103.04751586914062
2024-06-14,210.66514587402344,175.437255859375,185.77479553222656,435.7222900390625,102.1766128540039
2024-06-17,214.8092041015625,175.88380432128906,186.92518615722656,441.4325256347656,101.47425842285156
2024-06-18,212.4496612548828,173.750244140625,188.86175537109375,439.4339599609375,102.42945098876953
2024-06-20,207.87925720214844,174.95101928710938,190.4627685546875,438.8038635253906,104.63947296142578
2024-06-21,205.70806884765625,178.25552368164062,188.190673828125,442.8207702636719,103.72175598144531
2024-06-24,206.35247802734375,177.84864807128906,190.66409301757812,440.743408203125,106.80269622802734
2024-06-25,207.27452087402344,182.62185668945312,189.88755798339844,443.97265625,107.10235595703125
2024-06-26,211.41859436035156,182.4730224609375,189.2740020751953,445.1639099121094,107.13981628417969
2024-06-27,212.26129150390625,183.99130249023438,190.94210815429688,445.84326171875,107.59867858886719
2024-06-28,208.81118774414062,180.75624084472656,193.90447998046875,440.0345458984375,107.80470275878906
2024-07-01,214.8885498046875,181.58984375,196.96270751953125,449.6632080078125,107.65486907958984
2024-07-02,218.37831115722656,183.82261657714844,200.2030487060547,452.1737365722656,106.92443084716797
2024-07-03,219.64730834960938,184.39816284179688,200.06884765625,453.6406555175781,107.46758270263672
2024-07-05,224.3961639404297,189.14158630371094,197.41783142089844,460.3255920410156,106.16590118408203
2024-07-08,225.86346435546875,187.5836181640625,197.7841339111328,459.0260009765625,105.05152130126953
2024-07-09,226.71607971191406,187.53396606445312,200.1555938720703,452.4297180175781,103.89032745361328
2024-07-10,230.9791259765625,189.71714782714844,200.31948852539062,459.03594970703125,104.80802917480469
2024-07-11,225.61561584472656,184.15008544921875,199.98207092285156,447.6646423339844,106.05352020263672
2024-07-12,228.5601043701172,183.65391540527344,197.56243896484375,446.5323791503906,106.07225799560547
2024-07-15,232.386962890625,185.10275268554688,202.4884796142578,446.93609619140625,107.88898468017578
2024-07-16,232.80337524414062,182.51268005371094,205.92994689941406,442.5647888183594,108.66624450683594
2024-07-17,226.91436767578125,179.63490295410156,209.06297302246094,436.6575927734375,110.16456604003906
2024-07-18,222.2547149658203,176.3303985595703,202.42098999023438,433.5563659667969,111.25084686279297
2024-07-19,222.3836212158203,176.30059814453125,202.22821044921875,430.34674072265625,108.69432830810547
2024-07-22,222.03663635253906,180.2799072265625,202.710205078125,436.0865478515625,107.9451675415039
2024-07-23,223.07760620117188,180.3990020751953,202.75840759277344,437.9670104980469,106.20335388183594
2024-07-24,216.66317749023438,171.30908203125,201.08102416992188,422.2638244628906,107.70166778564453
2024-07-25,215.6221923828125,166.00003051757812,201.15814208984375,411.92626953125,109.96790313720703
2024-07-26,216.08815002441406,165.72216796875,204.59963989257812,418.68994140625,109.874267578125
2024-07-29,216.36573791503906,168.23280334472656,203.25967407226562,420.1273498535156,108.72242736816406
2024-07-30,216.9209442138672,168.9869842529297,207.4434356689453,416.3763122558594,110.660888671875
2024-07-31,220.17276000976562,170.2274169921875,205.13949584960938,411.8770751953125,111.05420684814453
2024-08-01,216.4846954345703,169.45338439941406,200.47372436523438,410.65618896484375,109.51840209960938
2024-08-02,217.97181701660156,165.384765625,191.9712371826172,402.1695861816406,109.45285034179688
2024-08-05,207.4727783203125,158.03146362304688,187.8838653564453,389.0360107421875,107.47693634033203
2024-08-06,205.45028686523438,157.0788116455078,193.1280059814453,393.427001953125,106.90570831298828
2024-08-07,208.01808166503906,157.72384643554688,193.1858673095703,392.2652282714844,108.32911682128906
2024-08-08,211.47808837890625,160.7902069091797,196.71409606933594,396.4593200683594,110.398681640625
2024-08-09,214.38291931152344,162.41761779785156,198.3914794921875,399.7378234863281,111.29766845703125
2024-08-12,215.91146850585938,161.04818725585938,198.76742553710938,400.51556396484375,111.43814849853516
2024-08-13,219.62364196777344,162.9038848876953,200.45445251464844,407.60418701171875,110.37059020996094
2024-08-14,220.07029724121094,159.1428985595703,202.67166137695312,410.4100646972656,111.39131164550781
2024-08-15,223.0479736328125,160.0657958984375,203.9344940185547,415.2626953125,112.08043670654297
2024-08-16,224.36807250976562,161.7130889892578,206.2673797607422,412.7377624511719,111.55179595947266
2024-08-19,224.20924377441406,165.39468383789062,207.69407653808594,415.755859375,111.89164733886719
2024-08-20,224.8246307373047,165.9008026123047,206.7975616455078,418.9810791015625,108.1628646850586
2024-08-21,224.7154541015625,164.58096313476562,206.87469482421875,418.3301086425781,107.47374725341797
2024-08-22,222.85939025878906,162.546630859375,208.83160400390625,409.8577575683594,108.3044662475586
2024-08-23,225.1521759033203,164.35272216796875,210.4511260986328,411.080810546875,109.80541229248047
2024-08-26,225.48965454101562,164.8885955810547,211.28016662597656,407.825927734375,112.15595245361328
2024-08-27,226.33334350585938,163.41990661621094,212.2537841796875,408.17120361328125,111.08924102783203
2024-08-28,224.80479431152344,161.6039276123047,213.3238525390625,404.9755554199219,109.99420928955078
2024-08-29,228.08023071289062,160.5421142578125,214.2107391357422,407.46099853515625,111.5140380859375
2024-08-30,227.29611206054688,162.12989807128906,216.70748901367188,411.4259948730469,111.33468627929688
2024-09-03,221.1124725341797,156.1559295654297,212.36949157714844,403.8314208984375,109.00300598144531
2024-09-04,219.20675659179688,155.2528839111328,211.4344024658203,403.298828125,107.6719741821289
2024-09-05,220.7253875732422,156.036865234375,209.79562377929688,402.7958679199219,106.83183288574219
2024-09-06,219.177001953125,149.76522827148438,204.81173706054688,396.1974792480469,106.33149719238281
2024-09-09,219.26632690429688,147.7679443359375,209.00511169433594,400.1623840332031,108.56875610351562
2024-09-10,218.47227478027344,147.71826171875,198.16009521484375,408.5262756347656,104.61344146728516
2024-09-11,221.0032958984375,150.20242309570312,199.76998901367188,417.24517822265625,103.57504272460938
2024-09-12,221.1124725341797,153.71006774902344,199.1626739501953,421.15093994140625,105.00048065185547
2024-09-13,220.844482421875,156.46250915527344,196.9647674560547,424.6917419433594,104.9249496459961
2024-09-16,214.71047973632812,157.0587158203125,200.3773193359375,425.43145751953125,106.39759826660156
2024-09-17,215.17697143554688,158.3107452392578,201.71725463867188,429.1892395019531,107.78526306152344
2024-09-18,219.04794311523438,158.797607421875,200.05917358398438,424.90875244140625,108.1628646850586
2024-09-19,227.16708374023438,161.11288452148438,202.90301513671875,432.6808166503906,109.50333404541016
2024-09-20,226.50205993652344,162.55368041992188,203.4910125732422,429.3076477050781,108.81421661376953
2024-09-23,224.7849578857422,160.82470703125,203.82843017578125,427.5718078613281,110.78716278076172
2024-09-24,225.67825317382812,161.26190185546875,203.97303771972656,423.29119873046875,110.4945297241211
2024-09-25,224.6856689453125,160.4669647216797,202.62344360351562,426.19091796875,108.34221649169922
2024-09-26,225.8271484375,161.69911193847656,202.22821044921875,425.40185546875,106.4825439453125
2024-09-27,226.09510803222656,162.91140747070312,202.92227172851562,422.1569519042969,109.33341979980469
2024-09-30,231.266357421875,164.79933166503906,203.269287109375,424.40570068359375,110.65501403808594
2024-10-01,224.5269012451172,165.93214416503906,199.58682250976562,414.9273986816406,113.2132339477539
2024-10-02,225.09263610839844,164.809326171875,199.82781982421875,411.4161071777344,114.71417999267578
2024-10-03,223.99087524414062,164.809326171875,197.8419952392578,410.8341979980469,115.71481323242188
2024-10-04,225.1125030517578,166.001708984375,204.8641357421875,410.3607482910156,117.83879089355469
2024-10-07,220.04052734375,161.94754028320312,204.5828399658203,403.93011474609375,118.34854888916016
2024-10-08,224.0901641845703,163.33868408203125,204.40826416015625,409.0292663574219,115.2050552368164
2024-10-09,227.8321075439453,160.83465576171875,206.9979248046875,411.7416076660156,115.25225067138672
2024-10-10,227.33583068847656,161.05323791503906,206.43536376953125,410.1437683105469,116.24344635009766
2024-10-11,225.85691833496094,162.20590209960938,215.6009979248047,410.6172180175781,116.68712615966797
2024-10-14,229.5790252685547,163.91500854492188,214.81539916992188,413.39862060546875,117.13081359863281
2024-10-15,232.1100311279297,164.41183471679688,215.697998046875,413.0040588378906,113.60971069335938
2024-10-16,230.05543518066406,164.11373901367188,216.910400390625,410.4199523925781,113.90235137939453
2024-10-17,230.4226837158203,161.8978271484375,217.6669158935547,411.0117492675781,113.60971069335938
2024-10-18,233.25146484375,162.38478088378906,218.58831787109375,412.4319763183594,113.28875732421875
2024-10-21,234.72047424316406,163.0306396484375,216.28964233398438,413.0434875488281,113.3548355102539
2024-10-22,234.10508728027344,164.0938720703125,217.37594604492188,421.6539611816406,113.94009399414062
2024-10-23,229.0430145263672,161.74880981445312,216.6873321533203,418.7838134765625,113.5341796875
2024-10-24,228.8544464111328,161.68919372558594,218.21006774902344,418.9119873046875,112.89227294921875
2024-10-25,229.6881866455078,164.22303771972656,215.6204071044922,422.2851867675781,112.79786682128906
2024-10-28,231.66339111328125,165.66383361816406,218.71441650390625,420.74652099609375,112.24092864990234
2024-10-29,231.93138122558594,168.6051025390625,216.19265747070312,426.0331115722656,110.71163940429688
2024-10-30,228.387939453125,173.35482788085938,217.65721130371094,426.6051940917969,110.1546859741211
2024-10-31,224.22911071777344,170.02601623535156,215.2421417236328,400.7838134765625,110.2396469116211
2024-11-01,221.25143432617188,170.20489501953125,216.2314453125,404.7486877441406,108.51213836669922
2024-11-04,220.35812377929688,168.16787719726562,213.16653442382812,402.8648986816406,111.96715545654297
2024-11-05,221.78741455078125,168.66473388671875,214.82510375976562,405.82379150390625,112.29755401611328
2024-11-06,221.06285095214844,175.39181518554688,239.62564086914062,414.4243469238281,114.22330474853516
2024-11-07,225.7874298095703,179.60498046875,229.2670440673828,419.6024169921875,114.36490631103516
2024-11-08,225.51914978027344,177.22018432617188,229.84898376464844,416.75201416015625,114.32714080810547
2024-11-11,222.8064727783203,179.20751953125,232.08944702148438,412.2840881347656,113.72299194335938
2024-11-12,222.8064727783203,180.46946716308594,232.35134887695312,417.23529052734375,113.60971069335938
2024-11-13,223.69082641601562,177.74681091308594,233.90318298339844,419.3755798339844,114.66697692871094
2024-11-14,226.77113342285156,174.46774291992188,234.59182739257812,421.0424499511719,114.74312591552734
2024-11-15,223.5715789794922,171.39730834960938,237.92831420898438,409.3153076171875,113.55343627929688
2024-11-18,226.57241821289062,174.18951416015625,237.65673828125,410.0649108886719,114.50518035888672
2024-11-19,226.8307647705078,176.9916229248047,235.77511596679688,412.06707763671875,112.90624237060547
2024-11-20,227.5461883544922,174.86517333984375,233.5346221923828,409.798583984375,114.51469421386719
2024-11-21,227.0692596435547,166.56809997558594,237.39486694335938,408.0295715332031,116.0470199584961
2024-11-22,228.41064453125,163.7162628173828,241.07081604003906,412.11114501953125,115.91377258300781
2024-11-25,231.3916015625,166.58795166015625,242.75845336914062,413.880126953125,114.18159484863281
2024-11-26,233.56771850585938,168.0486297607422,242.44808959960938,422.9723205566406,112.27808380126953
2024-11-27,233.4385223388672,168.15792846679688,242.2734832763672,418.0309143066406,111.98304748535156
2024-11-29,235.82330322265625,167.8797149658203,242.2056121826172,418.49542236328125,112.26856231689453
2024-12-02,238.06895446777344,170.40362548828125,238.8400115966797,425.9272766113281,112.16387939453125
2024-12-03,241.1095428466797,170.25457763671875,237.45306396484375,426.1446838378906,111.99256134033203
2024-12-04,241.4672393798828,173.26536560058594,236.07577514648438,432.29180908203125,108.76612854003906
2024-12-05,241.49705505371094,171.5463409423828,238.0931854248047,437.4307861328125,109.24199676513672
2024-12-06,241.29832458496094,173.60325622558594,239.9166259765625,438.36968994140625,108.09037780761719
2024-12-09,245.18350219726562,174.45875549316406,236.47344970703125,440.7909240722656,107.45272064208984
2024-12-10,246.19703674316406,184.2078399658203,235.55203247070312,438.1324462890625,107.23379516601562
2024-12-11,244.92518615722656,194.3846893310547,236.20187377929688,443.7261047363281,106.51998138427734
2024-12-12,246.3858184814453,190.9625701904297,234.2620391845703,444.2893981933594,106.42481994628906
2024-12-13,246.5547637939453,188.83367919921875,232.7199249267578,442.0262451171875,105.4920883178711
2024-12-16,249.4462432861328,195.63815307617188,232.37074279785156,446.295654296875,103.23644256591797
2024-12-17,251.87075805664062,194.4045867919922,231.1874542236328,449.1319885253906,102.79865264892578
2024-12-18,246.47528076171875,187.4210662841797,223.4378662109375,432.2621154785156,101.28534698486328
2024-12-19,248.20420837402344,187.53048706054688,225.94993591308594,431.90631103515625,100.41926574707031
2024-12-20,252.87437438964844,190.41542053222656,230.4503173828125,431.4813537597656,100.76188659667969
2024-12-23,253.6494140625,193.6186981201172,231.21653747558594,430.147216796875,101.17115020751953
2024-12-24,256.5608215332031,195.0909881591797,235.0186004638672,434.1793212890625,101.26632690429688
2024-12-26,257.37554931640625,194.58364868164062,235.8236083984375,432.97369384765625,101.35198974609375
2024-12-27,253.9673614501953,191.75840759277344,233.91290283203125,425.4825439453125,101.34246063232422
2024-12-30,250.598876953125,190.24632263183594,232.1185760498047,419.8493347167969,100.65719604492188
2024-12-31,248.83021545410156,188.31637573242188,232.496826171875,416.55841064453125,102.37987518310547
2025-01-02,242.3019256591797,188.4457244873047,232.77809143066406,413.6726379394531,102.1324234008789
2025-01-03,241.8150177001953,190.79344177246094,235.9593963623047,418.38671875,102.6558837890625
2025-01-06,243.44459533691406,195.8470458984375,234.80899047851562,422.833984375,102.54167175292969
2025-01-07,240.6723175048828,194.4742431640625,237.07080078125,417.4181823730469,103.50293731689453
2025-01-08,241.1592254638672,192.94223022460938,237.03179931640625,419.58251953125,101.77075958251953
2025-01-10,235.3463592529297,191.04214477539062,233.8535614013672,414.038330078125,101.39957427978516
2025-01-13,232.91189575195312,190.01748657226562,238.084716796875,412.2989196777344,104.01688385009766
2025-01-14,231.7990264892578,188.6745147705078,241.26295471191406,410.79681396484375,104.42613220214844
2025-01-15,236.35989379882812,194.53390502929688,246.02053833007812,421.3120422363281,106.12977600097656
2025-01-16,226.81089782714844,191.90762329101562,247.89239501953125,419.6022644042969,105.94893646240234
2025-01-17,228.51995849609375,194.98155212402344,252.6597442626953,424.0001220703125,106.90068817138672
2025-01-21,221.2265625,197.02090454101562,256.4326477050781,423.4762878417969,106.09170532226562
2025-01-22,222.4090118408203,197.33924865722656,256.2474365234375,440.9688415527344,104.24530029296875
2025-01-23,222.2401123046875,196.95127868652344,259.27947998046875,441.47283935546875,104.83538818359375
2025-01-24,221.36566162109375,199.16969299316406,258.197265625,438.8539123535156,103.41728210449219
2025-01-27,228.40074157714844,190.81333923339844,259.18194580078125,429.4653015136719,104.85443115234375
2025-01-28,236.74740600585938,194.2852325439453,260.4396057128906,441.9571228027344,102.82718658447266
2025-01-29,237.84042358398438,194.39462280273438,259.89361572265625,437.1441955566406,103.42679595947266
2025-01-30,236.0816650390625,199.82627868652344,261.5022277832031,410.12469482421875,104.28337097167969
2025-01-31,234.50177001953125,202.9598846435547,260.5955810546875,410.19390869140625,101.67558288574219
2025-02-03,226.5624542236328,200.1843719482422,260.11785888671875,406.10247802734375,101.92302703857422
2025-02-04,231.3220672607422,205.30763244628906,261.21954345703125,407.5354309082031,104.65455627441406
2025-02-05,230.99417114257812,190.33584594726562,263.6470947265625,408.4446716308594,104.57841491699219
2025-02-06,231.73939514160156,190.6044464111328,269.95477294921875,410.94500732421875,103.1983871459961
2025-02-07,226.18490600585938,184.376953125,268.8823547363281,404.9461669921875,103.63619232177734
2025-02-10,226.45346069335938,185.50108337402344,264.2417907714844,407.38720703125,105.61582946777344
2025-02-11,231.3973388671875,184.35707092285156,268.0926818847656,406.6163635253906,106.28204345703125
2025-02-12,235.625,182.6559600830078,268.5411682128906,404.2445068359375,103.08436584472656
2025-02-13,240.26051330566406,185.1728057861328,269.38934326171875,405.7268981933594,103.8333740234375
2025-02-14,243.3143768310547,184.26751708984375,269.65252685546875,403.6416320800781,103.93901062011719
2025-02-18,243.18508911132812,182.8151397705078,272.92828369140625,404.83746337890625,105.76351165771484
2025-02-19,243.58294677734375,184.3073272705078,272.245849609375,409.9073181152344,105.91715240478516
2025-02-20,244.53793334960938,183.60101318359375,260.1081237792969,412.07598876953125,107.54960632324219
2025-02-21,244.25938415527344,178.7264862060547,257.6123046875,404.23309326171875,106.29166412353516
2025-02-24,245.80125427246094,178.31861877441406,254.78504943847656,400.06414794921875,106.84860229492188
2025-02-25,245.74156188964844,174.50851440429688,250.94387817382812,394.0235595703125,105.36980438232422
2025-02-26,239.0966796875,171.83248901367188,252.29904174804688,395.8357849121094,105.11052703857422
2025-02-27,236.05274963378906,167.6244659423828,252.55250549316406,388.7059020996094,105.77310943603516
2025-02-28,240.56887817382812,169.3952178955078,258.01202392578125,393.1224060058594,106.90621948242188
2025-03-03,236.77891540527344,166.14218139648438,254.08311462402344,384.7052307128906,103.47806549072266
2025-03-04,234.68995666503906,170.03187561035156,243.97323608398438,384.8240661621094,103.2668228149414
2025-03-05,234.50096130371094,172.12098693847656,245.22109985351562,397.1131591796875,101.25027465820312
2025-03-06,234.09312438964844,171.4544677734375,240.35626220703125,393.02337646484375,103.34364318847656
2025-03-07,237.81346130371094,172.9566192626953,236.20310974121094,389.478271484375,104.6880111694336
2025-03-10,226.28436279296875,165.1981658935547,226.3954315185547,376.4564208984375,107.3575439453125
2025-03-11,219.67926025390625,163.3755645751953,223.39271545410156,376.7435607910156,104.82244873046875
2025-03-12,215.83956909179688,166.4331512451172,222.18380737304688,379.53607177734375,104.79364776611328
2025-03-13,208.5779266357422,162.1007537841797,219.54177856445312,375.0799255371094,104.35192108154297
2025-03-14,212.36790466308594,164.8197021484375,226.6099395751953,384.7745361328125,107.4535903930664
2025-03-17,212.87521362304688,163.6245574951172,228.0625457763672,384.9132080078125,109.23966979980469
2025-03-18,211.57211303710938,160.0192413330078,229.0764617919922,379.78363037109375,109.12442779541016
2025-03-19,214.10870361328125,163.2261962890625,233.1126251220703,384.0417785644531,110.82410430908203
2025-03-20,212.97470092773438,162.14060974121094,233.01513671875,383.07135009765625,111.29463958740234
2025-03-21,217.12277221679688,163.32577514648438,235.56942749023438,387.4482421875,110.9105224609375
2025-03-24,219.56983947753906,167.00083923339844,241.83815002441406,389.25054931640625,111.19861602783203
2025-03-25,222.573974609375,169.8691864013672,244.83116149902344,391.3102722167969,111.95721435546875
2025-03-26,220.36566162109375,164.39144897460938,244.73365783691406,386.17083740234375,113.57044982910156
2025-03-27,222.6734619140625,161.58287048339844,241.89663696289062,386.77484130859375,113.20555877685547
2025-03-28,216.75473022460938,153.70489501953125,236.7588348388672,375.109619140625,113.05191802978516
2025-03-31,220.9624786376953,154.01365661621094,239.1473846435547,371.73291015625,114.20423126220703
2025-04-01,222.01690673828125,156.43382263183594,237.5485076904297,378.46661376953125,114.30986022949219
2025-04-02,222.71324157714844,156.40391540527344,239.6543426513672,378.4171447753906,113.95455932617188
2025-04-03,202.1220245361328,150.10952758789062,222.95399475097656,369.47503662109375,107.96251678466797
2025-04-04,187.389892578125,145.01028442382812,206.2684783935547,356.3343200683594,100.19397735595703
2025-04-07,180.50625610351562,146.15560913085938,210.34913635253906,354.3736267089844,98.849609375
2025-04-08,171.5137481689453,144.11390686035156,212.73275756835938,351.1058044433594,96.76583099365234
2025-04-09,197.8048553466797,158.0671844482422,229.86949157714844,386.68572998046875,101.59595489501953
2025-04-10,189.4191436767578,152.20101928710938,222.7774200439453,377.63482666015625,95.95921325683594
2025-04-11,197.10850524902344,156.50350952148438,231.6940155029297,384.6656494140625,99.04165649414062
2025-04-14,201.45556640625,158.4257049560547,230.24224853515625,384.0318603515625,99.28172302246094
2025-04-15,201.07754516601562,155.67689514160156,228.6825714111328,381.9721374511719,99.00325012207031
2025-04-16,193.24891662597656,152.70896911621094,225.229736328125,367.98968505859375,100.0499496459961
2025-04-17,195.94467163085938,150.54776000976562,227.534912109375,364.1969909667969,102.67145538330078
2025-04-21,192.144775390625,147.07188415527344,224.62156677246094,355.62139892578125,101.16383361816406
2025-04-22,198.69017028808594,150.85650634765625,231.09564208984375,363.246337890625,103.99662780761719
2025-04-23,203.52464294433594,154.7207794189453,236.28472900390625,370.7426452636719,103.10358428955078
2025-04-24,207.27481079101562,158.63487243652344,239.9730224609375,383.52679443359375,104.3134994506836
2025-04-25,208.18003845214844,161.30398559570312,238.90379333496094,388.0325012207031,104.25589752197266
2025-04-28,209.03550720214844,159.95945739746094,238.580078125,387.34918212890625,104.3134994506836
2025-04-29,210.09988403320312,159.5113067626953,239.95338439941406,390.2012023925781,104.05424499511719
2025-04-30,211.38311767578125,158.1568145751953,239.95338439941406,391.4093017578125,101.43270874023438
2025-05-01,212.19879150390625,160.6466827392578,242.18008422851562,421.255615234375,101.5767593383789
2025-05-02,204.2706756591797,163.36563110351562,247.69285583496094,431.0393981933594,101.98966979980469
2025-05-05,197.8446502685547,163.54489135742188,247.74191284179688,431.9207763671875,99.16648864746094
2025-05-06,197.46664428710938,162.56886291503906,244.49505615234375,429.0885925292969,100.54927062988281
2025-05-07,195.21852111816406,150.76687622070312,244.6324005126953,429.12823486328125,100.45325469970703
2025-05-08,196.45199584960938,153.6551055908203,248.63453674316406,433.9012145996094,101.85523223876953
2025-05-09,197.4865264892578,152.13133239746094,248.2519989013672,434.4557800292969,103.04595184326172
2025-05-12,209.95706176757812,157.8181915283203,255.08900451660156,444.8832092285156,104.82244873046875
2025-05-13,212.08859252929688,158.88385009765625,257.9925537109375,444.7643737792969,105.11052703857422
2025-05-14,211.490966796875,164.70018005371094,260.5724182128906,448.5273132324219,104.16947937011719
2025-05-15,210.6144561767578,163.29591369628906,262.3870849609375,449.5392761230469,105.2258071899414
2025-05-16,210.42518615722656,165.51686096191406,262.45574951171875,450.67022705078125,104.84785461425781
2025-05-19,207.9550018310547,165.86544799804688,259.826904296875,455.2337646484375,103.18098449707031
2025-05-20,206.04258728027344,163.31582641601562,260.61163330078125,454.5393371582031,101.70793151855469
2025-05-21,201.2914276123047,167.8772735595703,256.0601501464844,448.9837341308594,100.4577865600586
2025-05-22,200.56431579589844,170.1779022216797,255.6972198486328,451.25555419921875,99.78910827636719
2025-05-23,194.49839782714844,167.78762817382812,255.7364044189453,446.6126403808594,99.84725189208984
2025-05-27,199.4188690185547,172.19970703125,260.22906494140625,457.03936767578125,100.32210540771484
2025-05-28,199.62803649902344,171.66189575195312,258.46337890625,453.7357482910156,98.9556655883789
2025-05-29,199.15988159179688,171.16390991210938,259.3266296386719,455.0453186035156,99.51776123046875
2025-05-30,200.05633544921875,171.0443878173828,258.96368408203125,456.71197509765625,99.13980865478516
2025-06-02,200.90296936035156,168.3453826904297,259.611083984375,458.3092346191406,99.86663055419922
2025-06-03,202.46676635742188,165.5069122314453,261.1903381347656,459.30126953125,100.59346771240234
2025-06-04,202.01856994628906,167.36935424804688,259.1794738769531,460.19415283203125,99.13980865478516
2025-06-05,199.8372039794922,167.52870178222656,256.9527893066406,463.9739990234375,98.68431854248047
2025-06-06,203.11419677734375,172.97653198242188,260.6606750488281,466.652587890625,101.04894256591797
2025-06-09,200.65394592285156,175.58908081054688,261.65142822265625,469.0038146972656,101.72732543945312
2025-06-10,201.869140625,178.0919647216797,263.4759216308594,467.1883239746094,103.9078140258789
2025-06-11,197.9945068359375,176.8455047607422,263.03448486328125,468.87481689453125,105.9332504272461
2025-06-12,198.41285705566406,175.2001953125,263.1227722167969,475.0752868652344,106.34027099609375
2025-06-13,195.67372131347656,174.17312622070312,259.8955993652344,471.1962890625,108.65644836425781
2025-06-16,197.63592529296875,176.26715087890625,265.20233154296875,475.3431701660156,109.00532531738281
2025-06-17,194.86691284179688,175.44947814941406,264.37835693359375,474.25189208984375,110.4783706665039
2025-06-18,195.80320739746094,172.8269805908203,268.7336730957031,476.4344482421875,109.69339752197266
2025-06-20,200.20574951171875,166.1659698486328,269.7538146972656,473.616943359375,111.15674591064453
2025-06-23,200.70375061035156,164.72010803222656,272.96142578125,482.1488037109375,108.28817749023438
2025-06-24,199.50851440429688,166.2956085205078,275.8944396972656,486.2261962890625,104.99320983886719
2025-06-25,200.7635498046875,170.19447326660156,278.6409912109375,488.3691101074219,105.02229309082031
2025-06-26,200.20574951171875,173.04632568359375,283.2414855957031,493.5080871582031,106.59223937988281
2025-06-27,200.28543090820312,178.02215576171875,281.63275146484375,492.0100402832031,106.00109100341797
2025-06-30,204.3592529296875,175.7286834716797,284.37939453125,493.4683837890625,104.46990203857422
2025-07-01,206.99879455566406,175.3397979736328,284.8698425292969,488.1508483886719,105.86541748046875
2025-07-02,211.60052490234375,178.13182067871094,286.4295349121094,487.198486328125,107.61949920654297
2025-07-03,212.70614624023438,179.019287109375,291.75201416015625,494.8870849609375,108.73397064208984
2025-07-07,209.120361328125,176.28707885742188,287.7798767089844,493.77593994140625,107.67764282226562
2025-07-08,209.1801300048828,173.86399841308594,278.72174072265625,492.68463134765625,110.6624984741211
2025-07-09,210.30567932128906,176.11756896972656,279.0963134765625,499.52008056640625,110.28456115722656
2025-07-10,211.57064819335938,177.11473083496094,284.0540771484375,497.5061340332031,111.379638671875
2025-07-11,210.32557678222656,179.6774444580078,282.7431640625,499.33154296875,111.86418914794922
2025-07-14,207.7956085205078,181.04351806640625,284.5567932128906,499.033935546875,110.40083312988281
2025-07-15,208.28369140625,181.48226928710938,282.4376220703125,501.811767578125,109.42204284667969
2025-07-16,209.32955932617188,182.44952392578125,281.7181396484375,501.6133728027344,108.76304626464844
2025-07-17,209.1901092529297,183.05776977539062,285.73956298828125,507.6451721191406,108.21066284179688
2025-07-18,210.3455047607422,184.53355407714844,287.0898742675781,506.0082092285156,104.4408187866211
2025-07-21,211.640380859375,189.55923461914062,286.794189453125,506.0181579589844,104.71217346191406
2025-07-22,213.5527801513672,190.7957000732422,287.24761962890625,501.2660827636719,105.18704223632812
2025-07-23,213.30377197265625,189.68887329101562,292.5011291503906,501.861328125,106.53409576416016
2025-07-24,212.91531372070312,191.62335205078125,292.2940979003906,506.8316650390625,107.36753845214844
2025-07-25,213.0348358154297,192.63046264648438,294.33441162109375,509.6392517089844,106.98957824707031
2025-07-28,213.2041778564453,192.0321807861328,293.9992980957031,508.43878173828125,107.99745178222656
2025-07-29,210.43515014648438,195.1931610107422,292.7771301269531,508.50823974609375,109.39295959472656
2025-07-30,208.22393798828125,195.97093200683594,295.3299560546875,509.17291259765625,108.44325256347656
2025-07-31,206.74978637695312,191.35409545898438,291.9885559082031,529.2723388671875,108.19126892089844
2025-08-01,201.58030700683594,188.59197998046875,285.2171630859375,519.956787109375,106.25305938720703
2025-08-04,202.5464630126953,194.4851837158203,290.0370178222656,531.3954467773438,104.05318450927734
2025-08-05,202.11814880371094,194.11624145507812,287.1884765625,523.5679931640625,103.92720031738281
2025-08-06,212.40733337402344,195.5321807861328,287.16876220703125,520.7802124023438,103.21974182128906
2025-08-07,219.16053771972656,195.9609832763672,282.8220520019531,516.7127075195312,102.67704010009766
2025-08-08,228.44371032714844,200.84701538085938,284.6159362792969,517.9032592773438,103.50079345703125
2025-08-11,226.53909301757812,200.42822265625,285.4044494628906,517.6353759765625,102.56074523925781
2025-08-12,229.00213623046875,202.76156616210938,288.6472473144531,525.046142578125,102.85148620605469
2025-08-13,232.6717529296875,201.385498046875,286.36053466796875,516.4547729492188,104.27606964111328
2025-08-14,232.12330627441406,202.36270141601562,289.93841552734375,518.3396606445312,104.0628662109375
2025-08-15,230.93666076660156,203.31997680664062,286.32110595703125,516.0480346679688,104.16068267822266
2025-08-18,230.23863220214844,202.92111206054688,287.3461608886719,513.0023193359375,104.38565826416016
2025-08-19,229.90956115722656,200.99661254882812,286.4886779785156,505.7304382324219,105.07034301757812
2025-08-20,225.3723907470703,198.7530059814453,288.04595947265625,501.7125244140625,106.15605926513672
2025-08-21,224.26551818847656,199.18177795410156,287.2870178222656,501.0666198730469,106.84075927734375
2025-08-22,227.11746215820312,205.5037384033203,291.9885559082031,504.0378112792969,108.84591674804688
2025-08-25,226.5191650390625,207.89691162109375,290.6678161621094,501.0865173339844,109.29583740234375
2025-08-26,228.6630859375,206.55075073242188,294.2851257324219,498.8804931640625,109.05130767822266
2025-08-27,229.83978271484375,206.88978576660156,294.9849548339844,503.5509033203125,110.28375244140625
2025-08-28,231.90391540527344,211.03794860839844,296.749267578125,506.4326477050781,110.8706283569336
2025-08-29,231.485107421875,212.30435180664062,297.0942687988281,503.5011901855469,111.7900619506836
2025-09-02,229.07192993164062,210.74879455566406,295.39892578125,501.9410705566406,112.18132019042969
2025-09-03,237.79725646972656,230.00384521484375,295.211669921875,502.1696472167969,109.46212768554688
2025-09-04,239.10353088378906,231.63919067382812,299.4598083496094,504.7731628417969,109.94141387939453
2025-09-05,239.01380920410156,234.33151245117188,290.1552734375,491.884765625,106.84075927734375
2025-09-08,237.20892333984375,233.5829620361328,288.70635986328125,495.06463623046875,107.44718933105469
2025-09-09,233.6888885498047,239.16204833984375,293.57550048828125,495.2733154296875,108.22969055175781
2025-09-10,226.1501922607422,238.7029571533203,296.22686767578125,497.2209777832031,110.03922271728516
2025-09-11,229.38107299804688,239.90060424804688,301.1748046875,497.85699462890625,109.68709564208984
2025-09-12,233.40968322753906,240.32977294921875,302.5054626464844,506.6910095214844,109.7066650390625
2025-09-15,236.03224182128906,251.11865234375,304.46685791015625,512.1166381835938,109.89250946044922
2025-09-16,237.4781494140625,250.66954040527344,304.75274658203125,505.83642578125,112.17153930664062
2025-09-17,238.3157958984375,249.04270935058594,307.2759704589844,506.81024169921875,112.7681884765625
2025-09-18,237.20892333984375,251.537841796875,308.73480224609375,505.2501525878906,111.43795013427734
2025-09-19,244.8074188232422,254.22259521484375,310.26251220703125,514.6704711914062,110.35222625732422
2025-09-22,255.35755920410156,252.036865234375,307.9560852050781,511.21240234375,109.56971740722656
2025-09-23,253.7122344970703,251.16856384277344,308.2517395019531,506.0252685546875,111.4574966430664
2025-09-24,251.59820556640625,246.6573944091797,308.92205810546875,506.9394226074219,112.05416107177734
2025-09-25,256.14532470703125,245.3100128173828,308.95159912109375,503.83905029296875,113.06163024902344
2025-09-26,254.7393341064453,246.05853271484375,311.52410888671875,508.2411804199219,114.6559829711914
2025-09-29,253.7122344970703,243.57342529296875,311.159423828125,511.3613586425781,111.72159576416016
2025-09-30,253.9116668701172,242.6252899169922,310.9031677246094,514.6903686523438,110.28375244140625
2025-10-01,254.72933959960938,244.42176818847656,306.25091552734375,516.4392700195312,109.54037475585938
2025-10-02,256.40460205078125,245.21022033691406,303.13623046875,512.4942626953125,108.8556900024414
2025-10-03,257.2920837402344,244.87088012695312,305.5806579589844,514.0940551757812,110.78260040283203
2025-10-06,255.9658660888672,249.94094848632812,306.22442626953125,525.2435302734375,111.70203399658203
2025-10-07,255.75645446777344,245.2800750732422,304.74871826171875,520.682373046875,111.76072692871094
2025-10-08,257.33197021484375,244.14230346679688,301.1236572265625,521.546875,111.52597045898438
2025-10-09,253.32330322265625,241.05833435058594,302.6093444824219,519.1123657226562,110.44025421142578
2025-10-10,244.57806396484375,236.10801696777344,298.0137023925781,507.74432373046875,108.30793762207031
2025-10-13,246.96133422851562,243.6732177734375,305.0260314941406,510.8148498535156,109.78490447998047
2025-10-14,247.07101440429688,244.97068786621094,299.19232177734375,510.3379211425781,109.83381652832031
2025-10-15,248.63658142089844,250.539794921875,302.767822265625,510.19879150390625,109.16868591308594
2025-10-16,246.7519073486328,250.9689483642578,295.6861572265625,508.3902282714844,108.21990966796875
2025-10-17,251.5782470703125,252.80535888671875,294.7155456542969,510.3478698730469,109.78490447998047
2025-10-20,261.50018310546875,256.04901123046875,299.4696350097656,513.53759765625,110.2348403930664
2025-10-21,262.0286865234375,249.9709014892578,294.25,514.4021606445312,110.24462890625
2025-10-22,257.7209167480469,251.19850158691406,291.29852294921875,517.2640991210938,112.20088195800781
2025-10-23,258.8476867675781,252.58578491210938,291.72442626953125,517.283935546875,113.44310760498047
2025-10-24,262.07855224609375,259.4124450683594,297.5679931640625,520.314697265625,112.86600494384766
2025-10-27,268.0516357421875,268.744140625,301.2425231933594,528.1749877929688,113.40398406982422
2025-10-28,268.2410888671875,266.94769287109375,302.44097900390625,538.6585693359375,112.51387786865234
2025-10-29,268.93914794921875,274.0338439941406,302.5895690917969,538.141845703125,113.90282440185547
2025-10-30,270.63433837890625,280.93035888671875,306.4819641113281,522.4512329101562,112.18132019042969
2025-10-31,269.60723876953125,280.640869140625,308.1459045410156,514.5512084960938,111.85853576660156
2025-11-03,268.2909851074219,283.16595458984375,306.3928527832031,513.7761840820312,111.27166748046875
2025-11-04,269.2781982421875,276.9980163574219,306.2937927246094,511.0931701660156,111.64335632324219
2025-11-05,269.3778991699219,283.7547912597656,308.7005615234375,503.96826171875,111.19341278076172
2025-11-06,269.0089416503906,284.1939392089844,310.4239501953125,493.9715576171875,111.99547576904297
2025-11-07,267.7126159667969,278.28546142578125,311.20635986328125,493.6933288574219,114.6559829711914
2025-11-10,268.9303283691406,289.5334777832031,313.86077880859375,502.8155517578125,115.63410949707031
2025-11-11,274.73956298828125,290.7411193847656,312.6029052734375,505.4786682128906,117.15998077392578
2025-11-12,272.962890625,286.15008544921875,317.34710693359375,507.9232482910156,115.53629302978516
2025-11-13,272.4438171386719,278.0260314941406,306.5216064453125,500.1225891113281,116.19164276123047
2025-11-14,271.90484619140625,275.8702087402344,300.70770263671875,506.9692077636719,117.70126342773438
2025-11-17,266.9639892578125,284.46337890625,297.4986572265625,504.2961730957031,116.11270141601562
2025-11-18,266.94403076171875,283.724853515625,296.5478515625,490.6824035644531,117.4447250366211
2025-11-19,268.0619812011719,292.2381896972656,300.3709411621094,484.0543518066406,115.78709411621094
2025-11-20,265.7562561035156,288.884765625,295.5277099609375,476.308837890625,115.46148681640625
2025-11-21,270.98651123046875,299.0747985839844,295.1711120605469,470.0268249511719,115.52069091796875
2025-11-24,275.4083557128906,317.9578552246094,295.1513366699219,471.89849853515625,114.42547607421875
2025-11-25,276.45635986328125,322.8083801269531,300.103515625,474.8752136230469,112.98491668701172
2025-11-26,277.0353088378906,319.3252258300781,304.6991882324219,483.3475341796875,113.241455078125
2025-11-28,278.3328857421875,319.55474853515625,310.0871887207031,489.82867431640625,114.37614440917969
2025-12-01,282.57501220703125,314.2751159667969,305.96697998046875,484.5820007324219,115.0766830444336
2025-12-02,285.6592712402344,315.1932678222656,304.9368896484375,487.82757568359375,113.84333038330078
2025-12-03,283.623046875,319.0058288574219,309.1462707519531,475.6119689941406,116.2311019897461
2025-12-04,280.179443359375,316.999755859375,313.07830810546875,478.70819091796875,115.57989501953125
2025-12-05,278.26300048828125,320.6426086425781,312.0284729003906,481.01788330078125,114.98788452148438
2025-12-08,277.3746643066406,313.3121643066406,312.1968078613281,488.8430480957031,114.43534851074219
2025-12-09,276.6659851074219,316.66778564453125,297.6373596191406,489.8385925292969,116.67510986328125
2025-12-10,278.26300048828125,319.7937316894531,307.1455383300781,476.43829345703125,117.94792938232422
2025-12-11,277.514404296875,312.02386474609375,314.3460693359375,481.3265075683594,117.94792938232422
2025-12-12,277.763916015625,308.887939453125,315.47515869140625,476.4084167480469,117.23751831054688
2025-12-15,273.6016540527344,307.8193359375,316.9608459472656,472.7148742675781,116.19164276123047
2025-12-16,274.1007385253906,306.1714782714844,312.5335388183594,474.2779235839844,113.15265655517578
2025-12-17,271.33587646484375,296.3342590332031,311.9690246582031,474.00909423828125,115.84630584716797
2025-12-18,271.68524169921875,302.0668029785156,310.0079345703125,481.8342590332031,114.98788452148438
2025-12-19,273.1625061035156,306.7607116699219,314.17767333984375,483.7656555175781,115.1358871459961
2025-12-22,270.4674987792969,309.3773193359375,320.00146484375,482.7701110839844,116.5764389038086
2025-12-23,271.85491943359375,313.94134521484375,322.8143310546875,484.6915283203125,117.82952117919922
2025-12-24,273.3022155761719,313.6816711425781,326.02337646484375,485.8563232421875,117.63219451904297
2025-12-26,272.89300537109375,313.10247802734375,324.7754211425781,485.5476989746094,117.5236587524414
2025-12-29,273.2523498535156,313.15240478515625,320.6551818847656,484.9404296875,118.92474365234375
2025-12-30,272.57354736328125,313.4420166015625,320.3283386230469,485.3187255859375,119.37861633300781
2025-12-31,271.3558349609375,312.5931091308594,319.1398010253906,481.4758605957031,118.73727416992188
2026-01-02,270.5074462890625,314.74029541015625,322.36865234375,470.84320068359375,121.01651000976562
2026-01-05,266.764404296875,316.1285095214844,330.8468322753906,470.7536315917969,123.69041442871094
2026-01-06,261.87347412109375,313.9313659667969,332.90625,476.3885192871094,119.43782806396484
2026-01-07,259.84722900390625,321.56146240234375,325.3250732421875,481.3265075683594,116.91191101074219
2026-01-08,258.55963134765625,325.0169372558594,328.11083984375,475.9902648925781,121.2730484008789
2026-01-09,258.8890075683594,328.14288330078125,327.5138854980469,477.15509033203125,122.95040893554688
2026-01-12,259.7673645019531,331.4285888671875,322.8377990722656,475.06439208984375,122.37812805175781
2026-01-13,260.5658874511719,335.5332336425781,309.3169860839844,468.5832824707031,124.85469818115234
2026-01-14,259.4779052734375,335.4034118652344,306.30242919921875,457.34332275390625,128.4659423828125
2026-01-15,257.7311706542969,332.347412109375,307.68536376953125,454.6353759765625,127.41021728515625
2026-01-16,255.05612182617188,329.5710144042969,310.8789978027344,457.8211669921875,128.1600799560547
2026-01-20,246.2425079345703,321.5814208984375,301.19854736328125,452.5048828125,128.72250366210938
2026-01-21,247.1907501220703,327.953125,300.50213623046875,442.1410217285156,131.83055114746094
2026-01-22,247.8894500732422,330.11029052734375,302.0840148925781,449.1398620605469,131.8601531982422
2026-01-23,247.58001708984375,327.5036926269531,296.2041015625,463.8841857910156,133.1724395751953
2026-01-26,254.93637084960938,332.8267822265625,299.5072021484375,468.19500732421875,133.04415893554688
2026-01-27,257.7910461425781,334.1150817871094,298.7809143066406,478.4493103027344,135.0076446533203
2026-01-28,255.96444702148438,335.57318115234375,299.2385559082031,479.49468994140625,135.74766540527344
2026-01-29,257.801025390625,337.810302734375,304.8598327636719,431.57806396484375,138.63864135742188
2026-01-30,258.99884033203125,337.56060791015625,304.33251953125,428.38232421875,139.51678466796875
2026-02-02,269.50927734375,343.2431945800781,306.5710754394531,421.49298095703125,136.55673217773438
2026-02-03,268.98028564453125,339.26837158203125,313.24688720703125,409.3868713378906,141.8157501220703
2026-02-04,275.97723388671875,332.6070861816406,315.654541015625,412.3536682128906,145.6243438720703
2026-02-05,275.3983459472656,330.81939697265625,308.5807800292969,391.9246520996094,144.1344757080078
2026-02-06,277.6042175292969,322.4402770996094,320.7584533691406,399.3615417480469,147.06491088867188
2026-02-09,274.3672180175781,323.8984069824219,320.4599914550781,411.76629638671875,149.19613647460938
2026-02-10,273.4280700683594,318.16583251953125,316.659423828125,411.437744140625,149.57107543945312
2026-02-11,275.24639892578125,310.55572509765625,309.2374267578125,402.57720947265625,153.4882049560547
2026-02-12,261.4891052246094,308.59832763671875,301.09906005859375,400.05841064453125,148.91920471191406
2026-02-13,255.5445556640625,305.32257080078125,301.0094909667969,399.5407409667969,147.44918823242188
2026-02-17,263.6371154785156,301.6273498535156,305.5661926269531,395.1004943847656,145.20443725585938
2026-02-18,264.106689453125,302.9356689453125,307.2077941894531,397.828369140625,149.66415405273438
2026-02-19,260.3401184082031,302.456298828125,306.48150634765625,397.5988464355469,149.95220947265625
2026-02-20,264.3364562988281,314.570556640625,309.20758056640625,396.37152099609375,146.28707885742188
2026-02-23,265.9349670410156,311.0850524902344,296.1543884277344,383.6390686035156,149.74362182617188
2026-02-24,271.8895263671875,310.495849609375,295.7862243652344,388.1593017578125,148.25372314453125
2026-02-25,273.97760009765625,312.4932556152344,301.75567626953125,399.7342224121094,148.05508422851562
2026-02-26,272.6987609863281,306.98040771484375,304.5712890625,400.851806640625,147.53857421875
2026-02-27,263.93682861328125,311.354736328125,298.7709655761719,391.8912048339844,151.47189331054688
2026-03-02,264.476318359375,306.12152099609375,296.044921875,397.6886291503906,153.1802978515625
2026-03-03,263.5072326660156,303.1853332519531,298.7311706542969,403.0570068359375,150.80641174316406
2026-03-04,262.2783508300781,302.7359619140625,297.8656311035156,404.32427978515625,148.80996704101562
2026-03-05,260.0504150390625,300.4888916015625,292.0553283691406,409.79241943359375,149.74362182617188
2026-03-06,257.2229919433594,298.1319274902344,288.0060729980469,408.0761413574219,150.1905975341797
2026-03-09,259.6407775878906,306.1770935058594,288.44384765625,408.5251770019531,149.42578125
2026-03-10,260.58990478515625,306.8567199707031,287.2598876953125,404.8830871582031,147.13136291503906
2026-03-11,260.5699157714844,308.5157470703125,286.0560302734375,404.0049743652344,150.55809020996094
2026-03-12,255.52456665039062,303.3687744140625,281.44964599609375,400.9914855957031,152.4949493408203
2026-03-13,249.8897705078125,302.09954833984375,281.996826171875,394.69512939453125,155.06747436523438
2026-03-16,252.58729553222656,305.3775939941406,284.7029724121094,399.08563232421875,156.1699981689453
2026-03-17,253.99598693847656,310.7344055175781,285.42926025390625,398.5467834472656,157.73934936523438
2026-03-18,249.70994567871094,307.5063171386719,286.27490234375,390.9432678222656,156.52757263183594
2026-03-19,248.73085021972656,306.9466552734375,286.5037536621094,388.1792297363281,157.09373474121094
2026-03-20,247.76173400878906,300.8203125,285.1009216308594,381.0447082519531,158.5935516357422
2026-03-23,251.25851440429688,301.87969970703125,288.4338684082031,382.1722717285156,160.04371643066406
2026-03-24,251.4083709716797,290.2666320800781,290.91119384765625,371.9344177246094,164.2650604248047
2026-03-25,252.38746643066406,290.7563171386719,293.91583251953125,370.2381286621094,162.1593475341797
2026-03-26,252.6572265625,280.7523193359375,290.1749572753906,365.1790771484375,164.31471252441406
2026-03-27,248.57098388671875,274.1762390136719,281.3998718261719,355.9989318847656,169.8372344970703
2026-03-30,246.40298461914062,273.33673095703125,282.32513427734375,358.1842041015625,170.31399536132812
2026-03-31,253.55638122558594,287.3883361816406,292.6622314453125,369.3699951171875,168.51620483398438
2026-04-01,255.3946990966797,297.2124938964844,293.87603759765625,368.57171630859375,159.69607543945312
2026-04-02,255.68443298339844,295.59344482421875,293.1000061035156,372.6528625488281,159.60667419433594
2026-04-06,258.6217041015625,299.8109130859375,295.45001220703125,372.0741271972656,162.2686004638672
2026-04-07,253.26666259765625,305.27764892578125,297.3999938964844,371.48541259765625,162.8049774169922
2026-04-08,258.66168212890625,317.1305847167969,307.9700012207031,373.52099609375,155.16680908203125
2026-04-09,260.2502136230469,318.29986572265625,310.3299865722656,372.26373291015625,153.99476623535156
2026-04-10,260.240234375,317.0506286621094,309.8699951171875,370.0684814453125,151.4818115234375
2026-04-13,258.96142578125,321.1181945800781,313.67999267578125,383.539306640625,151.61094665527344
2026-04-14,258.59173583984375,332.7112731933594,311.1199951171875,392.2604064941406,148.23387145996094
2026-04-15,266.18475341796875,336.91876220703125,305.92999267578125,410.3312683105469,148.0054168701172
2026-04-16,263.15753173828125,335.81939697265625,309.95001220703125,419.35174560546875,150.9553985595703
2026-04-17,269.98126220703125,341.4760437011719,310.2900085449219,421.87628173828125,145.45274353027344
2026-04-20,272.79864501953125,337.2185974121094,316.989990234375,417.1664733886719,146.6843719482422
2026-04-21,265.9250183105469,332.0916442871094,313.0,423.2433166503906,147.35980224609375
2026-04-22,272.9185791015625,339.1174621582031,313.0199890136719,431.984375,148.4921112060547
2026-04-23,273.1783142089844,338.6877136230469,311.69000244140625,414.8514709472656,149.51516723632812
2026-04-24,270.81048583984375,344.19439697265625,308.2799987792969,423.7023010253906,147.90609741210938
2026-04-27,267.3636474609375,350.130859375,311.6300048828125,423.9018859863281,147.19094848632812
2026-04-28,270.4608154296875,349.5711975097656,311.45001220703125,428.3222961425781,149.5449676513672
2026-04-29,269.92132568359375,349.7311096191406,309.25,423.5426330566406,153.62725830078125
2026-04-30,271.1002502441406,384.5702819824219,313.2300109863281,406.8987121582031,153.28955078125
2026-05-01,279.88214111328125,385.45977783203125,312.4700012207031,413.5443115234375,151.72019958496094
2026-05-04,276.5751647949219,383.0212097167969,307.6499938964844,412.72607421875,152.65386962890625
2026-05-05,283.9184265136719,388.1981201171875,309.3999938964844,410.4909362792969,153.83584594726562
2026-05-06,287.245361328125,397.8023986816406,314.8999938964844,413.0653381347656,147.6875762939453
2026-05-07,287.1754150390625,397.7524108886719,306.2699890136719,419.8606262207031,145.591796875
2026-05-08,293.0500183105469,400.56072998046875,302.1000061035156,414.22283935546875,143.59535217285156
2026-05-11,292.67999267578125,388.40802001953125,300.0,411.7681579589844,148.6708984375
2026-05-12,294.79998779296875,387.1187744140625,304.8800048828125,406.8887023925781,149.614501953125
2026-05-13,298.8699951171875,402.3796691894531,300.25,404.3342590332031,150.5481719970703
2026-05-14,298.2099914550781,400.8305969238281,299.9100036621094,408.5451354980469,151.75
2026-05-15,300.2300109863281,396.54315185546875,297.80999755859375,421.0081481933594,157.9199981689453
2026-05-18,297.8399963378906,396.70306396484375,300.7300109863281,422.6246643066406,160.49000549316406
2026-05-19,298.9700012207031,387.4285888671875,295.70001220703125,416.51788330078125,162.5500030517578
2026-05-20,302.25,388.6778564453125,301.9800109863281,420.1499938964844,156.27999877929688
2026-05-21,304.989990234375,387.4285888671875,303.0,419.0899963378906,155.2899932861328
2026-05-22,308.82000732421875,382.74139404296875,306.3800048828125,418.57000732421875,154.9199981689453
2026-05-26,308.3299865722656,388.6478576660156,306.739990234375,416.0299987792969,149.80999755859375
2026-05-27,310.8500061035156,388.5978698730469,299.2799987792969,412.6700134277344,147.89999389648438
2026-05-28,312.510009765625,389.8971252441406,296.7300109863281,426.989990234375,146.9600067138672
2026-05-29,312.05999755859375,380.1129455566406,299.30999755859375,450.239990234375,145.25999450683594
2026-06-01,306.30999755859375,376.14532470703125,296.5799865722656,460.5199890136719,149.3800048828125
2026-06-02,315.20001220703125,361.6340026855469,300.9599914550781,441.30999755859375,149.55999755859375
2026-06-03,310.260009765625,358.77569580078125,300.8500061035156,427.3399963378906,152.52999877929688
2026-06-04,311.2300109863281,371.96783447265625,310.8900146484375,428.04998779296875,152.0399932861328
2026-06-05,307.3399963378906,368.30999755859375,312.3699951171875,416.6700134277344,149.9199981689453
2026-06-08,301.5400085449219,363.30999755859375,311.1099853515625,411.739990234375,151.75
2026-06-09,290.54998779296875,364.260009765625,312.70001220703125,403.4100036621094,148.91000366210938
2026-06-10,291.5799865722656,356.3800048828125,309.1400146484375,397.3599853515625,150.6199951171875
2026-06-11,295.6300048828125,357.7699890136719,313.489990234375,390.3399963378906,146.60000610351562
2026-06-12,291.1300048828125,359.67999267578125,320.7200012207031,390.739990234375,147.00999450683594
2026-06-15,296.4200134277344,369.3500061035156,319.3999938964844,399.760009765625,140.9199981689453
2026-06-16,299.239990234375,373.25,331.1400146484375,393.8299865722656,141.86000061035156
2026-06-17,295.95001220703125,363.7900085449219,333.4599914550781,378.9100036621094,140.74000549316406
2026-06-18,298.010009765625,368.0299987792969,325.2200012207031,379.3999938964844,137.80999755859375
2026-06-22,297.010009765625,349.67999267578125,331.4800109863281,367.3399963378906,138.47000122070312
2026-06-23,294.29998779296875,346.1300048828125,334.1400146484375,373.94000244140625,139.72999572753906
2026-06-24,293.0799865722656,345.2900085449219,333.45001220703125,365.4599914550781,136.89999389648438
2026-06-25,275.1499938964844,343.7099914550781,335.1199951171875,352.8299865722656,137.5500030517578
2026-06-26,283.7799987792969,337.3900146484375,329.04998779296875,372.9700012207031,136.5399932861328
